ONS,2008,2009,2010,2011,2012,2013,2014,2015,2016,2017,2018,2019,2020,2021,2022
E06000001,1169,3400,2853,2596,2511,4912,5549,3348,4180,1542,1924,1789,2787,2396,3515
E06000002,1441,4453,3388,3424,3238,7287,9552,4959,6471,2525,2880,3116,4221,3978,4947
E06000003,1276,4023,3328,3059,3948,6440,7510,4795,3803,2467,2551,3143,2541,3398,3871
E06000004,2261,7874,8777,4911,4384,9528,9096,6683,6553,3396,4066,4394,5262,4370,4974
E06000005,1268,4105,3116,2836,2815,3959,5182,4581,2946,2520,2543,2796,2973,3205,4055
E06000006,1074,3674,3316,2586,2660,5221,5723,4155,3552,2320,2080,2515,2306,2940,3598
E06000007,1925,11628,5310,4245,4691,7521,7517,6663,4399,3405,3297,4148,4228,4729,5733
E06000008,1383,4568,3406,3051,3056,8299,8759,6323,5175,2555,2582,2451,2599,3502,3529
E06000009,1801,5744,4307,4232,3727,10719,11832,6913,5379,2940,3641,4576,3772,4421,4637
E06000010,3179,10730,8479,7460,7062,11640,12181,7829,7202,6217,6610,7038,6819,8152,8263
E06000011,3046,10775,9308,8388,8528,12361,13114,10321,9128,6816,7794,8543,8505,9272,9998
E06000012,1765,5328,4604,3731,3793,6011,6644,4472,4871,2946,3468,4573,4116,4009,4233
E06000013,1764,5017,4247,3897,4054,6513,6802,5838,4435,2960,2954,3316,3489,3815,4157
E06000014,2722,8312,5827,4931,5215,5536,5684,4755,3872,3444,4435,5028,4732,5341,5336
E06000015,2778,9406,8790,7279,6462,8949,9973,7940,6155,4510,5341,6658,7139,8087,6764
E06000016,3866,11215,8203,7904,8355,13771,15061,9948,9917,5951,7747,9450,7975,10378,10045
E06000017,361,1490,1086,861,942,1074,1286,1146,839,792,878,1122,1083,983,918
E06000018,4881,19388,18798,8811,7465,11910,13174,10012,15445,8505,14701,12291,10506,10807,10767
E06000019,2103,6339,5268,4497,4470,5471,7003,5446,3863,3892,4355,5365,5626,5665,5477
E06000020,1509,5275,4986,4511,3980,6605,8504,6781,5006,3172,3557,4405,4272,4718,4906
E06000021,2191,8831,7359,6482,6497,10230,10849,7863,6278,4264,6402,6312,5589,5722,7296
E06000022,2435,6838,5557,5034,4704,5722,5320,4588,4408,3350,4982,5767,4943,4579,5211
E06000023,7064,20532,15296,12406,11374,12650,14719,13898,10362,9068,11466,14025,13368,14182,15838
E06000024,2431,8010,6327,5221,6543,8390,8318,6596,5370,4356,4769,5602,5513,6265,6756
E06000025,2734,8483,6944,6770,6274,7757,9105,7307,6220,4864,5980,7454,6864,6780,7611
E06000026,3065,10676,8180,6519,6488,10062,14320,14453,5760,4737,6053,7216,6810,6867,7218
E06000027,2026,5407,4406,3838,3771,5915,6194,4184,3589,2978,3650,4044,3794,3992,3923
E06000030,2400,8552,6641,5471,5298,7126,6966,6142,5509,4177,4786,5717,5146,5952,6995
E06000031,2447,7956,5998,4707,5454,8334,10367,8799,7945,3764,4090,5120,5495,5219,5841
E06000032,1690,6703,5151,4381,4085,8130,7502,4895,5632,3708,4259,4715,4830,5329,5805
E06000033,2050,7219,5618,4679,4743,5397,5967,4232,3925,3495,4397,4900,5258,5044,5283
E06000034,1413,4922,4055,3444,3624,4694,5644,4629,3922,3390,3216,3673,3576,3874,6604
E06000035,2453,9325,7589,7085,6076,8261,8712,7155,5532,6416,6105,7633,6827,8282,8931
E06000036,1210,3909,3268,2865,2995,4219,4225,3495,2501,2083,2484,3890,3461,3018,3269
E06000037,1524,5330,4234,3504,3878,4140,4856,4145,3538,2965,3463,3931,3987,4180,6228
E06000038,3002,7310,5253,4212,4372,5600,4685,4595,3616,2968,4819,5730,5143,5541,5782
E06000039,1346,4360,3273,2855,2866,4988,5086,4276,3272,2620,3055,3517,3323,3164,4035
E06000040,1802,5765,4302,3524,3415,4143,4580,3894,3386,2912,4286,4617,3931,3751,4084
E06000041,1271,4968,4186,3687,3508,4052,4277,4187,3744,3947,4204,4866,4103,4846,5429
E06000042,3126,10570,8058,8386,6548,8299,8917,7142,6473,5165,6630,8131,6811,9552,11238
E06000043,4137,15691,10803,8584,8041,12327,10440,7910,6728,5906,8369,10310,9340,8836,9624
E06000044,2891,9876,6094,5501,5280,10779,9306,6100,4172,3954,5056,6046,5243,6269,6234
E06000045,4099,10947,7889,6696,6551,8626,9860,6980,5237,5480,8216,8159,7082,7593,8463
E06000046,1838,5538,4659,4595,4447,5108,5015,3682,4477,3253,3543,4106,4469,4694,4835
E06000047,6158,26090,13499,14034,12180,21637,47482,17303,13371,10727,11128,11710,10839,13099,17442
E06000049,4223,13290,10270,9136,9117,11907,13581,11599,9191,8180,9365,10788,11406,13046,13795
E06000050,3334,11373,9032,8264,7715,10735,13314,12103,8943,7238,8441,8175,7449,9047,9471
E06000051,3483,10121,8286,8074,8320,9006,12111,10094,8579,7072,7782,8467,7812,8520,8761
E06000052,7216,20566,17708,19497,16653,17963,24383,18318,15016,13504,16162,17481,16374,18658,19139
E06000053,14,32,43,51,61,43,74,115,173,24,126,43,39,53,48
E06000054,4779,17042,13958,12613,12928,14404,15198,12948,10540,10026,11770,15079,12714,17288,13482
E06000055,1767,5885,5163,4858,3763,5408,4834,4546,5312,4620,5488,6007,4989,5595,5486
E06000056,2480,8539,7937,8306,8151,7324,7763,7103,6682,5879,6737,7333,7564,9087,11391
E06000057,3082,11658,8956,8248,7682,11868,15309,11320,10145,7115,7904,8271,7182,8225,9201
E06000058,5686,18580,13938,11719,11374,13854,13531,12329,9452,8238,11120,13224,9461,10253,11357
E06000059,4202,13314,11455,10019,10558,12400,12522,10402,8832,7346,8753,10090,7306,10128,11273
E06000060,0,0,0,0,0,0,0,0,0,0,0,0,9451,13228,19212
E06000061,0,0,0,0,0,0,0,0,0,0,0,0,0,6791,9770
E06000062,0,0,0,0,0,0,0,0,0,0,0,0,0,8115,11321
E07000004,1842,5863,5288,4997,4732,5156,5618,5225,4597,5127,5177,7895,1960,0,0
E07000005,686,2707,2489,2348,2409,2338,2424,2310,2275,1765,1933,1897,512,0,0
E07000006,675,2465,1930,2624,2859,2584,1803,1681,1559,1304,1712,1526,422,0,0
E07000007,1579,5777,4982,4162,3818,4772,11295,4034,4520,3108,3850,4199,1043,0,0
E07000008,1578,5339,3857,2890,3029,3945,4380,4085,3494,3000,3716,4043,3523,3957,4404
E07000009,868,3281,2740,2297,2239,2190,2462,2406,2318,1903,2534,2300,2375,2400,2962
E07000010,1049,3225,2934,2588,2627,3323,3518,3225,2585,2076,2322,2566,2661,2664,3332
E07000011,1897,6514,5420,4791,4272,4904,5498,4935,3954,3009,3919,4668,4365,8118,4814
E07000012,1591,5093,4496,4118,6171,5009,5100,4864,3601,3908,4386,4219,3835,4133,4482
E07000026,760,2729,2601,2729,2575,3178,3875,5072,3888,1728,1884,1860,1822,2083,2993
E07000027,495,2443,2463,2279,1617,2275,2669,2654,1745,1289,1468,1485,1413,2017,1744
E07000028,1093,3986,3127,2919,2802,3487,4396,3635,2753,2246,2571,2787,2793,2878,3251
E07000029,564,1985,1849,1716,1891,2358,3045,2840,1521,1228,1225,1203,1403,1426,1774
E07000030,590,1503,1343,1490,1535,1777,2079,1955,1517,1181,1372,1580,1563,2416,2164
E07000031,1089,3525,3231,3813,2894,3013,3523,3126,2533,2381,2632,2904,3467,3098,3622
E07000032,1089,3748,3337,3140,3114,3882,4116,3704,2826,2393,2616,3010,2887,3337,3554
E07000033,1177,2399,2055,1895,1878,2566,3072,2267,1975,1564,2155,1961,2057,2176,2166
E07000034,1028,3377,3045,2677,2896,3646,4046,3282,2580,1825,2156,2416,2243,2538,2903
E07000035,754,2170,2140,1920,1883,2412,2329,1985,1687,1522,1711,1965,1807,2309,2549
E07000036,1282,3652,3024,2822,2768,3647,3828,3118,2462,1987,2327,2729,2540,2817,2945
E07000037,880,2960,2362,2145,2142,2500,3061,2552,1927,1790,1999,1819,1979,2352,2343
E07000038,663,2639,2447,2247,2372,3030,3912,3801,2474,2030,2219,2141,2150,2146,3198
E07000039,982,2891,2601,2374,2282,2746,2943,2857,2393,2081,2458,3450,3330,3139,2738
E07000040,1471,4861,4451,4366,4197,5230,5773,4827,3800,3335,3768,4125,3807,4437,4432
E07000041,1743,4857,4105,3334,2947,3853,4292,3657,2722,2460,3142,3610,3239,3927,4229
E07000042,959,2739,2257,2079,2488,2209,2959,2539,1681,1735,1776,2163,2249,2159,2275
E07000043,999,3410,3221,3114,2674,2997,3608,3191,2354,2419,2954,3261,2964,3327,3113
E07000044,1010,3122,2834,3040,2805,3204,3897,2791,2348,2103,2335,2711,2751,2768,3092
E07000045,1448,4557,4129,3840,3878,5067,5786,4023,3301,2851,2968,3236,3153,3394,3890
E07000046,788,2554,2250,2317,1976,2262,3282,2714,1755,1441,1623,2079,1852,1729,2359
E07000047,676,2144,1867,1666,1392,1680,2372,1714,1243,1011,1194,1588,1598,1538,1762
E07000061,1215,5008,4233,3176,3130,4202,4295,2903,2430,2116,2630,2916,3039,3123,3007
E07000062,1393,4424,3354,2987,2827,3058,3253,5439,2598,4581,3583,3448,2415,2549,2887
E07000063,967,3712,2809,2688,2648,3264,3183,3294,2181,2044,2364,2563,2521,2641,2960
E07000064,1029,3568,3171,2865,2647,2963,3455,4797,2344,2194,2650,2521,2213,2476,3441
E07000065,1206,4633,4578,4308,4418,4705,5054,4672,3582,3276,3709,3894,3892,3951,4506
E07000066,1517,5478,4547,4583,4400,5375,6047,4777,4034,3582,3173,3555,3318,4037,4289
E07000067,1500,5257,4498,3541,3267,4186,4509,3798,2998,2518,3222,4227,3775,4258,4457
E07000068,693,2246,2041,1934,1791,1937,2188,1722,1519,1799,1813,1997,1848,2328,2459
E07000069,491,2174,1992,1696,1787,2388,2986,2271,1866,1641,1387,1597,1607,1818,1891
E07000070,1684,5546,4693,4019,3847,4578,5107,4605,4237,3237,4118,4722,4450,4415,6072
E07000071,2181,8081,6047,5058,4575,5420,6599,6389,5724,5054,5392,6259,4860,4869,4701
E07000072,1022,4028,3778,3247,3237,3625,4342,3591,2829,3135,2883,3374,3219,2952,3043
E07000073,718,3077,2412,2062,1863,11122,2615,1697,1182,1023,1519,1392,1581,2114,3305
E07000074,455,1847,1634,1390,1476,1692,1871,1508,1539,1208,1446,1796,1792,1432,1752
E07000075,499,2321,2002,1810,1816,2121,2610,1866,1565,1425,1713,1569,1768,2026,2088
E07000076,1781,5474,4370,3874,3923,5446,5880,4062,3456,2941,3521,4796,4410,4714,4870
E07000077,1018,2796,2229,2239,2349,2138,2227,2549,2216,1676,2456,2578,1967,1789,2264
E07000078,1979,6055,4306,3446,3387,3816,4110,3200,2354,2027,3067,4035,3684,3528,3683
E07000079,1393,3495,2578,3027,2716,2726,2747,2625,2552,2482,2736,2617,2890,2800,2881
E07000080,795,2360,2323,1862,2118,2539,2860,2523,1692,1827,1928,2010,2141,2378,2611
E07000081,1669,4996,4190,3045,2958,4878,4673,3346,2584,2040,2531,3534,3413,4178,4309
E07000082,1033,4744,3051,2737,2988,3691,4072,4099,2499,2269,2399,3151,2941,3235,3325
E07000083,1030,2892,2314,1863,2021,2787,2705,2531,2142,2097,2185,2624,2731,2367,2687
E07000084,2550,6422,5303,4436,4361,4903,5170,4724,4012,3771,4663,6087,5282,4462,5700
E07000085,1051,3896,3167,3062,3028,3537,4109,3772,2586,2609,3145,3458,3047,3021,3396
E07000086,1330,4227,3685,3069,3300,4383,4573,4089,2858,2581,2883,3411,3246,3245,3900
E07000087,1009,3325,2881,2699,2721,3527,3359,2854,2191,1914,2289,2597,2092,2183,2823
E07000088,850,3382,2652,2782,2342,3215,3146,2409,1822,1556,2095,1977,2082,2046,2322
E07000089,740,2738,2494,2497,2104,2529,2633,2557,2283,1968,2153,2564,2519,2333,3027
E07000090,1177,3960,3380,2924,3044,4390,5582,3808,2710,1838,2178,2456,3068,2798,3065
E07000091,1628,5771,5052,4370,4539,5273,5476,4758,3615,3353,3724,3882,3895,3825,6071
E07000092,862,3369,2793,2269,2639,3191,3454,2854,2236,2160,2061,2775,2298,3026,3150
E07000093,883,3764,3122,2780,2869,3071,3460,3176,2385,1969,2409,3417,2921,3414,2973
E07000094,1160,4774,3699,3068,2742,3675,3446,2965,2760,2571,3596,4018,3532,3877,4109
E07000095,648,3131,2648,2017,2220,2546,2999,2392,1808,1756,1773,1954,2280,2203,3264
E07000096,1360,5523,4223,7105,4813,3512,4594,3707,3150,2576,2882,3468,3726,3781,4089
E07000098,667,3072,2405,2396,2386,2714,3223,2753,2298,2263,2250,2476,2482,2495,2529
E07000099,1401,4719,3799,3359,3017,8911,3069,3030,2307,1899,2072,2822,3250,5541,3467
E07000102,723,3233,2072,2123,2070,2350,2363,2233,2055,1389,1669,1904,2310,2482,2776
E07000103,953,3514,3276,2487,2567,3033,2591,2387,2078,1718,1953,2392,2668,3179,4030
E07000105,1200,4270,4040,3627,3277,3301,3722,4022,2871,2794,2892,3372,3456,3712,3763
E07000106,2067,6042,4895,4479,4349,4693,5090,4059,3241,3013,4679,4692,4097,4080,4502
E07000107,1037,3128,2596,2481,2530,2615,3304,3415,2991,2569,2884,2897,2909,2857,3020
E07000108,977,3783,3290,3145,2997,3406,3973,3446,2785,2356,3197,3100,3477,3861,4444
E07000109,902,3184,2430,2338,2351,3670,3289,2447,1827,1943,2261,2485,2342,2495,3328
E07000110,1495,6101,4816,4464,4204,4594,4839,4380,4239,3768,4190,4652,4710,5524,7894
E07000111,957,3442,2970,2562,2495,2707,3063,2814,2497,2106,2565,2720,2925,2848,2648
E07000112,1449,4502,4109,3275,2853,3768,4532,3183,2925,2726,2992,3220,2581,4574,3773
E07000113,1292,4333,3969,3263,3045,3812,4730,8083,2873,2393,2837,3359,4289,3384,4406
E07000114,1843,6189,5390,4552,4020,4890,7095,4489,3788,3953,5917,5219,4700,4462,5047
E07000115,1125,3946,3407,2964,3040,3437,3949,3368,3087,2625,2934,2745,2900,2985,3411
E07000116,1299,4409,3533,3286,2798,2905,3311,3524,2607,2653,3079,3193,3769,3260,3485
E07000117,964,2954,2997,2491,2215,4638,7060,3987,3919,1877,1662,2041,2265,2642,2398
E07000118,944,2987,3287,2987,2856,4058,5355,3485,2869,2131,2176,2380,2216,2930,2495
E07000119,986,3202,2706,1932,2014,3632,4486,2754,2537,1906,2247,2777,2607,2434,2781
E07000120,734,2423,2128,1744,2054,4147,4606,3795,3038,1533,1372,1567,1582,2060,2164
E07000121,1382,8436,3915,3048,3157,4806,5379,4279,3998,2772,2791,3730,3119,3473,3692
E07000122,868,2854,2347,1966,2261,4945,6486,3972,3338,1507,1502,1831,1934,2137,2635
E07000123,1588,5140,3682,3079,3293,6158,7635,6386,5181,3719,3400,3615,3410,4061,4693
E07000124,488,1626,1375,1308,1342,1606,2141,1756,1844,1520,1417,1705,1517,1707,1749
E07000125,776,2370,2107,1820,1653,2524,2924,2459,2374,1318,1147,1261,1259,1748,2021
E07000126,789,3212,2838,2361,2342,3916,4051,3177,2678,1688,2011,2175,2364,2597,2759
E07000127,876,2660,2497,2250,2457,3586,5055,3981,2745,1830,1974,2228,2314,2540,2577
E07000128,1203,3459,2847,2636,2464,4413,4914,3806,3163,2066,2398,2670,2617,3888,3145
E07000129,695,2335,2099,2074,2033,2666,2965,2752,2334,1842,1991,1935,1943,2386,2625
E07000130,2135,5350,4779,4214,3940,6067,5519,4416,3601,3132,4503,3979,4331,4236,5638
E07000131,857,2898,2268,2074,2702,2597,2758,2439,2222,1835,2033,2322,2685,3045,2808
E07000132,1086,3598,2967,2463,2609,3477,4017,3427,2651,2030,3220,2641,2486,2525,3466
E07000133,594,1735,1623,1270,1177,1555,1680,1311,1046,944,1121,1552,1214,1530,1559
E07000134,803,2767,2503,2367,2969,6386,5187,2790,2357,2128,2667,2673,2453,2876,2906
E07000135,368,1299,1270,1188,1093,1750,1987,1439,1400,768,1092,1271,1412,1466,1414
E07000136,870,2590,1968,1908,1682,2096,2464,3887,2285,1410,1893,1791,1982,1765,1955
E07000137,1971,5341,4277,3572,3648,4642,6433,5542,4041,3396,3709,4445,4111,5257,5483
E07000138,1992,4552,3223,2708,2477,3107,3075,2746,2043,2267,2934,3199,2716,2822,3037
E07000139,1309,3810,3427,2860,2982,3027,3855,3689,2784,2562,2838,3592,3501,3263,3335
E07000140,858,2825,2406,2319,2330,2765,3355,2939,2258,1932,2234,2646,2352,2573,2758
E07000141,1863,11518,3902,3499,3408,4099,4409,3729,2705,2591,3044,3514,3278,5715,5023
E07000142,1167,3255,2674,2333,2351,2919,3626,3015,2736,1658,2198,2691,3375,3697,3379
E07000143,1652,4973,4333,3229,3349,4022,4985,4025,3238,2756,3388,3701,3399,3881,4008
E07000144,873,3878,3170,2851,2951,3769,4415,3989,2981,2569,2965,2980,2849,3043,3704
E07000145,1062,3660,2933,2655,2625,3239,3921,3276,2280,1906,2535,3213,2784,2793,3006
E07000146,1635,5420,5797,4346,4244,4928,6215,4763,3508,3871,3661,4137,4152,6562,5130
E07000147,1202,3992,3407,3213,3111,3437,4857,3722,2948,2546,3113,3160,3109,3165,2987
E07000148,2844,8875,5843,4273,4263,4927,5118,4043,3240,2569,4615,4996,4155,4417,4402
E07000149,1425,4469,3738,3598,3803,3819,4442,4979,3459,3052,3433,3629,3043,3262,3797
E07000150,977,2677,1930,1762,1461,1919,2682,1805,1405,1697,1600,1702,1538,506,0
E07000151,826,2711,2320,1861,1797,2188,2456,2500,1979,1904,2473,2335,2358,476,0
E07000152,922,3895,2719,2221,2237,2569,3311,2667,2464,1958,2371,2536,2572,576,0
E07000153,1128,4160,3068,2556,2767,2911,3914,3033,2413,2277,3090,2879,2466,645,0
E07000154,3234,8861,6673,5152,5342,6775,7576,6130,5906,4942,6094,6042,5730,1424,0
E07000155,910,2648,2463,2271,1812,2220,2586,2707,2216,2099,2664,2787,2120,529,0
E07000156,722,2872,2054,1862,1846,2263,2559,2118,1772,1417,1950,2003,1872,445,0
E07000163,669,1725,1485,1712,1428,1630,1785,1738,1425,1204,1351,1524,1385,1674,1616
E07000164,984,2697,2525,2089,2162,2393,4165,2986,2311,1908,2126,3358,2972,3315,3077
E07000165,1942,5902,4935,4406,3984,4734,5241,4925,4019,3368,3991,4740,4773,5005,5727
E07000166,551,1788,1432,1430,1154,1585,2143,1803,1398,1081,1117,1821,1188,1364,1375
E07000167,497,1762,1624,1542,1681,1742,2334,1889,1600,1227,1342,1755,1730,1683,2016
E07000168,1371,4493,3500,3490,3039,4100,4703,4022,3236,2887,2830,3407,3177,3588,4280
E07000169,1014,2833,2390,2148,1954,2553,3289,2468,2113,2134,2336,2428,2114,2222,2287
E07000170,1435,4064,3888,3511,3311,3988,4789,4144,3962,2623,2175,2392,2289,2933,3446
E07000171,1321,3548,3118,2798,2736,4248,5232,4610,3085,2048,2389,3162,4111,6539,3282
E07000172,1131,3657,2726,2425,2290,2834,3248,2678,2110,2021,2444,2479,2737,3020,2855
E07000173,1301,3393,5585,2610,2739,6681,4044,3181,2572,1924,2385,2795,2464,3127,3294
E07000174,1247,3602,2820,2700,2621,3884,4458,3314,2642,1883,2256,2479,2481,2563,3474
E07000175,1340,3823,3485,3041,3142,4216,4970,3459,2919,2155,2484,2917,3135,3643,5904
E07000176,1243,3585,3546,3068,3023,3237,3525,2947,2870,2302,2770,2843,3005,3008,3802
E07000177,1530,5224,3782,3498,3491,4178,4243,4401,4074,3566,4436,5023,4601,4813,4571
E07000178,2820,6871,4608,3714,4053,3639,4299,3674,2578,3227,5115,4546,4112,5598,5169
E07000179,1264,4255,3655,3359,3794,3806,3565,3666,2738,2687,3606,3924,3817,4061,4313
E07000180,1100,4256,3622,2841,2971,3521,3722,4015,3542,3512,4084,4493,4013,4111,4979
E07000181,1009,3592,3006,2917,3772,2820,2845,2618,2326,2269,2672,3732,3786,4054,3484
E07000187,1323,3946,3470,3241,3026,3516,3961,3024,2367,2476,2757,3283,2928,2828,3045
E07000188,2018,4267,3792,5535,3555,5728,4005,2951,2842,1996,2623,3242,3347,5265,4724
E07000189,1727,5718,5389,4742,4407,4903,5860,4816,4096,4447,4914,5763,4672,4794,4625
E07000192,985,3136,2596,2324,2190,3613,3868,3325,2405,1918,1904,2159,2317,2471,2508
E07000193,1181,3848,3285,2719,3113,3560,4090,4004,2966,2272,3171,4046,3025,3263,4350
E07000194,822,2918,2807,2245,2494,2769,3470,2748,2275,1985,2440,2537,2750,2589,2936
E07000195,976,3664,3004,2911,3334,3877,4320,3180,2654,2082,2191,2412,2863,2668,2736
E07000196,649,2579,2768,2312,2083,2711,3536,2801,2060,1900,1986,2105,2157,2195,2376
E07000197,1374,4206,3840,3373,3235,3224,4160,4435,3513,3277,3546,3673,3068,3423,3627
E07000198,933,2378,2359,2008,2073,2852,4138,5223,2105,1405,1607,1692,1905,1772,1902
E07000199,617,2546,1968,1523,1487,2226,2707,1808,1437,1297,1515,1781,1918,1866,1804
E07000200,803,3096,2449,2185,2344,2402,2870,3106,1782,1650,2114,2528,2324,2879,2658
E07000202,2163,6498,4357,3725,3357,4914,5019,3814,3122,2065,3118,4276,3608,3810,3987
E07000203,1042,3201,2793,2586,2567,2576,3021,3044,2110,1850,2466,2773,2753,2987,3150
E07000207,1694,5282,4797,4174,3621,4056,5018,3699,2632,2584,3145,3379,3649,3592,3581
E07000208,726,2365,2205,1811,1853,2295,2064,1886,1722,1451,1593,1759,1794,1654,2255
E07000209,1474,5659,4043,3649,3334,3722,4251,3419,2777,2548,2966,3831,3493,3972,4322
E07000210,675,2806,2344,2244,2120,2389,2526,2248,1819,1673,1859,2025,2178,2384,2195
E07000211,1619,4980,4640,3534,3531,4110,5105,4556,3028,3347,3681,4864,4031,4025,4105
E07000212,1224,3265,2565,2074,1974,2321,2290,2635,1568,1749,2477,2361,2216,2312,3130
E07000213,835,3039,2834,2363,2177,3044,3680,2704,2139,1820,1995,2416,2483,2963,3074
E07000214,739,2699,2220,2586,1867,2411,2405,2155,1831,1691,1834,2271,2295,2486,2419
E07000215,703,2630,2319,2176,2182,2638,2860,2357,2009,1616,1733,1725,1900,2030,2202
E07000216,1038,4149,3578,3184,3172,3383,3723,3149,2904,2332,2820,3051,3086,3402,3636
E07000217,1400,3836,2920,2538,2465,3177,2912,2682,2232,2003,2377,2919,3574,3818,3368
E07000218,446,1751,1777,1464,1505,2145,2865,2393,2211,1555,1893,1933,1559,1650,1899
E07000219,1126,3857,3257,2827,2669,4684,4821,4205,2656,1944,2943,3095,3199,3402,3634
E07000220,1122,4430,2861,2490,2365,3069,3113,2892,2133,2051,3823,3589,2955,2798,3093
E07000221,1196,9329,3216,2798,2790,3473,4132,4431,3691,3505,8999,5501,4121,4176,4508
E07000222,1995,6398,4148,3373,3346,3848,4253,4319,3630,3555,5136,6261,4629,4839,4122
E07000223,523,2032,1686,1594,1575,1804,1939,1547,1229,1149,1281,1318,1549,1562,1537
E07000224,1898,5689,5395,4824,4718,4940,5311,4831,4683,3898,4305,4620,4326,4684,5611
E07000225,1459,4228,3701,3234,3338,3791,4243,3867,3107,2729,3071,3545,3569,3804,4630
E07000226,982,3182,2704,2368,2185,3086,3172,2909,2296,1672,2247,2542,2693,2671,2521
E07000227,1300,4452,3757,3285,3781,4497,4590,4079,3584,3750,4509,3930,3537,3197,3358
E07000228,1243,4839,3811,3523,4215,4549,4548,4414,4099,3200,3564,4271,4138,4052,4497
E07000229,1414,4614,3583,2970,2625,3603,4457,3292,2337,2122,2892,3240,2897,3209,3237
E07000234,832,2488,2367,2252,2386,3231,3134,3033,2559,1892,2048,2137,2151,1889,1946
E07000235,756,2364,2226,2026,1950,2569,2829,2477,2116,1823,1840,2066,2060,2582,2573
E07000236,539,2673,1876,1456,1670,2585,2981,3572,2172,1572,1729,1867,1888,1652,1997
E07000237,1197,3884,2948,2434,2400,4526,4052,3168,2342,1675,2486,2603,2686,2894,4162
E07000238,1019,3575,3112,2965,3255,3959,4816,4677,3416,3570,3603,3837,3096,3547,5031
E07000239,1068,2977,2566,2717,2229,3294,3543,2834,2041,1629,1937,2120,2319,2767,2655
E07000240,1264,4926,4356,3662,3367,4035,3894,3275,2871,2742,3066,3975,5357,5079,3880
E07000241,1294,3588,3177,2743,2654,2988,3084,2788,2947,2058,2587,2760,2640,2818,2782
E07000242,1532,5087,3881,3433,3696,3430,3599,3582,3182,2719,3888,4098,3909,3626,4318
E07000243,761,2607,2393,2193,1834,2432,2557,2508,2764,2383,1824,1743,1936,2120,1823
E07000244,2592,8893,7084,6814,6754,7692,9249,7974,6059,4883,6265,6963,5131,6888,7447
E07000245,2530,8108,5698,4766,4400,4869,6068,5827,4403,3335,4534,5455,4290,5531,5924
E07000246,1840,5487,4835,4259,4544,5169,5932,4941,4671,3937,4187,4656,3278,4998,4954
E08000001,2797,9165,7632,6578,6246,11850,13776,9173,8419,4523,4929,5863,5698,7452,7388
E08000002,1903,6403,4297,3762,3803,8436,9488,6079,4716,2766,3630,3436,3378,5379,4848
E08000003,8927,30856,17325,13247,13225,21627,23423,21619,18260,13928,13824,18301,17617,25857,16917
E08000004,1448,7695,4984,4471,4312,11748,16319,7912,8471,4069,4083,4030,3392,4900,4857
E08000005,1847,6838,5649,4714,4806,9641,10666,7802,7160,3943,3722,3995,3848,4706,4880
E08000006,4092,11462,9086,8926,8322,14005,12418,9030,8164,6065,9752,12325,10206,10657,8916
E08000007,2697,8510,7367,6386,6544,10824,12482,8865,7117,5611,5888,6297,5894,5935,6499
E08000008,2010,6271,5440,4358,4797,12300,16619,7397,6514,4821,4740,4511,4291,5727,6359
E08000009,2292,7128,5819,5044,4859,8237,8789,7998,7320,4161,4325,4288,4747,5307,5374
E08000010,2996,10215,8369,7292,7227,14097,13171,10527,8905,5190,5835,7095,6575,7321,7724
E08000011,1076,4020,4674,2973,3228,8284,7216,4570,3463,2700,3093,5985,3097,6828,7262
E08000012,5597,20227,14076,11785,11675,21415,22395,21658,14471,11943,11800,13162,12798,15858,18654
E08000013,1341,5016,4074,3873,4116,8409,7908,6471,4865,3068,2990,4034,3389,4052,3853
E08000014,2699,8695,6626,7205,6029,13414,15267,9186,8975,6112,6441,5991,5992,6644,7338
E08000015,3141,9848,8087,6894,7182,13639,15056,10112,8100,6216,11276,6999,7905,11102,8632
E08000016,1975,7065,6165,6147,5614,8614,9816,6769,6181,4214,4722,5504,4958,6048,8086
E08000017,2660,8643,7441,6572,6933,13531,15192,12413,7671,5176,6180,7016,6363,7613,11027
E08000018,2391,7714,6818,6651,5305,9145,11779,8299,7397,4243,4825,5076,5562,6190,5841
E08000019,6090,18980,15087,14143,12817,18280,20157,16494,14617,10406,13351,13793,12258,13350,13713
E08000021,4814,11357,8697,7768,6964,10235,10322,8292,6868,5701,8320,7873,7178,10074,10251
E08000022,1723,7228,6407,5646,5117,7359,7334,6258,5928,4892,4847,4551,4324,5815,7160
E08000023,1550,4643,4680,4100,3656,5413,5838,5046,4263,3009,2850,3079,2860,7035,5222
E08000024,2085,8261,8496,7606,7088,12469,14604,10091,12583,33750,6506,5053,5026,6242,10410
E08000025,10370,37978,28815,24935,25191,50210,49113,33724,32022,18285,20689,24443,23803,28109,30483
E08000026,3336,13261,8502,6865,6999,14198,15315,10638,8608,6968,8935,8983,8592,8318,10033
E08000027,2438,7811,7614,6938,6729,9921,10352,8531,6866,4820,5762,6462,6347,6559,7407
E08000028,2308,8927,8333,7472,7138,11608,13469,9619,8373,4948,5269,6031,6033,7190,7358
E08000029,1884,6468,5547,4659,4461,6983,7229,6091,5025,3887,4706,4899,5146,5151,5275
E08000030,2129,7741,7725,5831,5666,10903,11408,8890,10262,4675,4893,5107,6181,5395,8812
E08000031,1997,8097,6202,6219,6000,10093,11443,8868,6931,4098,4500,5405,5402,6420,7039
E08000032,5182,16627,13649,11667,10955,22958,31381,24424,26717,11660,9742,11218,10222,12575,13261
E08000033,2555,7381,6324,5525,4968,7393,8792,8431,6794,4335,4673,4805,4808,6042,6812
E08000034,4108,12690,11269,9992,9624,14661,16338,13988,11968,8541,7981,9700,8616,9853,9685
E08000035,11689,33766,24713,21949,19365,28655,32884,25960,24912,15684,18425,24244,21313,23648,27583
E08000036,2965,9840,9115,7846,7789,10817,13574,10853,9546,7084,8133,25546,19321,9966,21536
E08000037,2073,6721,5605,5299,4734,8052,9984,6024,4949,3562,4517,4507,3841,4784,4777
E09000001,341,794,582,390,584,735,623,237,197,284,556,476,726,679,429
E09000002,1691,6804,4958,3993,4784,6440,8951,7826,4286,3743,4266,4627,5078,5306,5490
E09000003,3568,13199,10240,9434,9205,10334,11102,9310,9791,7710,8372,10205,10417,11063,15772
E09000004,1698,9033,5378,5699,6807,7131,9666,6202,4702,6044,7284,5643,5086,4970,5278
E09000005,2726,9703,7220,6216,6478,7545,8020,8436,8447,7724,9671,10080,10668,10750,8345
E09000006,2899,10685,9356,8389,8350,10416,11089,9478,7000,5587,6498,7062,7656,7462,8498
E09000007,3940,13580,8604,7132,7065,7899,6014,5922,5516,6453,7595,8301,7626,7659,7388
E09000008,4123,13322,10260,8922,8749,10894,12648,11800,9774,7427,9041,9807,10391,9973,11912
E09000009,3591,12082,9548,7730,8011,10892,11786,7986,7226,6852,8533,10103,10296,11053,11742
E09000010,3099,11440,8913,7724,7929,9482,9781,8668,7181,5663,6631,8295,8207,9455,8897
E09000011,2988,12398,8153,7311,7294,9659,9624,8522,7566,6605,7558,9019,6480,7197,7758
E09000012,3056,9928,7622,7680,7750,10052,8731,8232,6284,7257,6446,8136,7196,8452,7182
E09000013,3269,10886,7377,6319,6283,6313,6847,6322,5138,4952,6022,7097,7402,6656,7904
E09000014,3020,10952,9773,8130,10066,9863,8850,7927,7020,6273,6454,7302,7471,8555,8796
E09000015,1794,7199,5708,4736,4901,5042,6232,6132,5177,4340,5667,6144,6130,6092,6420
E09000016,1993,6940,5762,5317,5633,7638,8104,6347,5013,4095,4609,5584,5663,6004,6486
E09000017,2380,8614,7267,7012,6397,7504,8507,8884,6330,4785,6401,7656,6883,7948,7782
E09000018,2384,8784,7492,5510,5165,5970,7175,5841,5634,4938,6513,6791,6538,8190,7502
E09000019,3703,11518,8114,6756,7982,9256,7625,6579,5024,5038,6860,7882,8107,7760,7329
E09000020,5236,12925,8623,7092,7054,5876,6922,5086,3702,3729,6000,7815,6965,7375,7015
E09000021,1843,8335,5326,4317,4133,4941,5993,3718,3095,2749,3850,4818,4250,5260,5453
E09000022,4433,15641,11117,10569,11203,14074,11717,10048,7543,8407,7558,10141,10121,9740,10894
E09000023,3958,12132,10215,9228,8822,12496,10896,8681,6204,5892,6814,7844,7772,9229,8391
E09000024,2694,8095,11932,5200,4914,5456,4676,5233,3781,3828,4714,5248,5837,6059,6377
E09000025,2972,9856,7332,6845,7683,11106,9399,7947,7492,8053,7568,8645,8927,10876,12168
E09000026,2394,8961,7148,5748,5530,6924,7473,6286,6606,4974,6970,7363,6502,5974,6094
E09000027,2665,9238,6943,5603,5898,5374,5490,4056,3702,3198,4347,5494,5239,5470,5436
E09000028,3771,14362,16536,9558,9285,12112,10830,9013,8310,6077,7364,8274,8706,8508,9472
E09000029,1830,6244,5001,4925,4765,5981,6881,5516,4461,4860,5444,5131,5100,5182,5148
E09000030,4953,18863,10358,9548,9103,9249,9402,8338,9242,6353,8463,14071,13810,13454,10917
E09000031,2564,9054,6799,7666,7027,8784,8349,9659,6301,5574,5865,8747,9114,7778,7944
E09000032,5838,19738,13429,10704,10071,11785,9666,9199,8454,7675,9537,12917,12195,12209,12217
E09000033,6778,17948,12208,9123,10446,7692,7173,6281,6517,6440,8767,13443,11274,9943,11720
W06000001,581,1820,1643,5084,1833,1569,1943,1777,1835,3133,2204,2756,2091,2335,2067
W06000002,1076,3031,2900,2741,3226,3198,5848,3405,2908,2509,2819,2744,2795,3657,3609
W06000003,1341,3719,3435,5935,2764,4049,4733,3602,3094,2584,2623,2991,2914,4926,3338
W06000004,933,2552,2458,2391,2183,3238,4530,3451,2977,2089,2449,3083,2781,3684,2645
W06000005,1219,3775,3279,2917,3176,4860,4989,5165,4328,2550,2765,3872,3478,4654,4294
W06000006,1383,3805,3258,3192,3038,4048,4205,3653,2944,2263,2482,2972,2442,3049,3060
W06000008,854,2253,1943,1779,1728,2326,3111,2421,2813,2036,1785,2516,2277,2628,2227
W06000009,1283,3541,3523,3177,3228,4736,4003,3745,3422,2524,2673,3357,3516,3791,3216
W06000010,1612,4875,4937,4536,4236,6120,7682,5987,5246,3561,3419,4065,3784,5156,4890
W06000011,2869,8140,6372,5623,6141,10937,7685,5983,5013,3951,6139,5428,4816,6205,5618
W06000012,1195,3806,3340,11843,2469,5554,5587,3848,2849,1874,2072,2452,10575,2794,2645
W06000013,1185,3917,3584,3237,3381,5390,5628,4329,3358,2560,2771,3034,2930,3327,3597
W06000014,1106,3497,3189,3039,3268,4288,4492,4773,3476,3167,3317,4056,3618,3594,3859
W06000015,5271,15920,10660,9326,10813,13341,13347,10093,8130,7249,9610,11569,9204,10950,10117
W06000016,1834,7639,5720,5172,5472,9243,8969,8034,5509,3846,3919,6766,5353,5665,5470
W06000018,1229,4627,4295,3450,3785,6896,6862,4531,3381,2190,3135,4234,6859,3812,4444
W06000019,546,1857,1670,1544,1583,2481,2963,2514,1617,971,962,2437,1445,1313,1567
W06000020,675,2578,2197,2090,2102,3702,4278,2710,2177,1765,1798,2327,1841,2145,2211
W06000021,971,2854,2680,2591,2776,3673,3564,2622,1870,1590,1835,2439,2288,2236,2214
W06000022,1517,13833,3262,2979,3014,5126,5663,3842,3401,3242,3534,3892,2997,3821,4227
W06000023,1127,3632,3181,3162,3021,8297,3782,3683,3409,2614,3190,3589,2760,3834,3422
W06000024,424,5705,1391,1333,958,1816,2345,2182,1097,770,783,3335,2097,1711,1451
