ONS,EPC_MEAN,HPR_MEAN,EPC_PERCENTILES,HPR_PERCENTILES
E06000001,64,0.9,"[48.0, 55.0, 60.0, 63.0, 66.0, 68.0, 71.0, 74.0, 80.0]","[0.58, 0.73, 0.83, 0.94, 0.97, 1.0, 1.01, 1.04, 1.07]"
E06000002,64,0.89,"[48.0, 55.0, 60.0, 64.0, 67.0, 69.0, 72.0, 75.0, 81.0]","[0.58, 0.73, 0.8, 0.9, 0.96, 0.99, 1.01, 1.04, 1.08]"
E06000003,63,0.88,"[45.0, 53.0, 58.0, 62.0, 65.0, 68.0, 70.0, 73.0, 80.0]","[0.59, 0.72, 0.78, 0.87, 0.95, 0.99, 1.01, 1.04, 1.07]"
E06000004,65,0.92,"[50.0, 57.0, 61.0, 64.0, 67.0, 69.0, 72.0, 76.0, 81.0]","[0.69, 0.75, 0.86, 0.94, 0.98, 1.0, 1.02, 1.04, 1.09]"
E06000005,63,0.85,"[45.0, 53.0, 58.0, 61.0, 65.0, 68.0, 71.0, 75.0, 81.0]","[0.49, 0.67, 0.74, 0.79, 0.9, 0.96, 1.0, 1.03, 1.08]"
E06000006,65,0.91,"[51.0, 57.0, 62.0, 65.0, 68.0, 70.0, 72.0, 75.0, 81.0]","[0.66, 0.75, 0.84, 0.9, 0.96, 0.99, 1.01, 1.04, 1.07]"
E06000007,66,0.91,"[51.0, 57.0, 61.099999999998545, 65.0, 67.0, 70.0, 73.0, 76.0, 81.0]","[0.68, 0.77, 0.85, 0.91, 0.96, 0.99, 1.01, 1.04, 1.08]"
E06000008,62,0.84,"[45.0, 53.0, 57.0, 61.0, 64.0, 67.0, 69.0, 73.0, 78.0]","[0.55, 0.64, 0.74, 0.79, 0.86, 0.95, 0.99, 1.02, 1.05]"
E06000009,58,0.82,"[39.0, 47.0, 53.0, 57.0, 61.0, 64.0, 67.0, 70.0, 73.0]","[0.58, 0.67, 0.74, 0.8, 0.85, 0.88, 0.95, 0.99, 1.02]"
E06000010,63,0.85,"[49.0, 56.0, 60.0, 63.0, 66.0, 68.0, 70.0, 73.0, 78.0]","[0.57, 0.69, 0.75, 0.79, 0.88, 0.96, 0.99, 1.02, 1.05]"
E06000011,62,0.89,"[42.0, 51.0, 57.0, 61.0, 64.0, 67.0, 70.0, 74.0, 82.0]","[0.59, 0.72, 0.79, 0.89, 0.95, 0.99, 1.01, 1.04, 1.12]"
E06000012,62,0.84,"[46.0, 53.0, 58.0, 61.0, 64.0, 66.0, 69.0, 72.0, 77.0]","[0.58, 0.69, 0.74, 0.78, 0.86, 0.94, 0.98, 1.01, 1.05]"
E06000013,62,0.9,"[45.0, 53.0, 58.0, 62.0, 65.0, 68.0, 70.0, 73.0, 78.0]","[0.67, 0.74, 0.81, 0.89, 0.96, 1.0, 1.02, 1.04, 1.07]"
E06000014,64,0.89,"[50.0, 57.0, 61.0, 64.0, 66.0, 68.0, 71.0, 74.0, 80.0]","[0.61, 0.73, 0.8, 0.89, 0.95, 0.99, 1.01, 1.03, 1.05]"
E06000015,62,0.86,"[45.0, 52.0, 57.0, 61.0, 64.0, 67.0, 71.0, 74.0, 80.0]","[0.56, 0.69, 0.75, 0.81, 0.91, 0.97, 1.0, 1.02, 1.06]"
E06000016,62,0.82,"[45.0, 52.0, 57.0, 60.0, 64.0, 67.0, 70.0, 74.0, 79.0]","[0.49, 0.66, 0.72, 0.75, 0.83, 0.94, 0.98, 1.01, 1.05]"
E06000017,62,0.91,"[41.0, 51.0, 57.0, 62.0, 65.0, 68.0, 71.0, 76.0, 83.0]","[0.62, 0.73, 0.82, 0.93, 0.97, 1.0, 1.02, 1.05, 1.15]"
E06000018,63,0.84,"[46.0, 54.0, 58.0, 62.0, 65.0, 68.0, 71.0, 75.0, 79.0]","[0.54, 0.69, 0.74, 0.78, 0.89, 0.96, 0.99, 1.02, 1.05]"
E06000019,59,0.88,"[35.0, 46.0, 54.0, 59.0, 63.0, 67.0, 70.0, 73.0, 80.0]","[0.58, 0.7, 0.79, 0.88, 0.95, 0.98, 1.01, 1.04, 1.08]"
E06000020,67,0.96,"[53.0, 59.0, 63.0, 66.0, 69.0, 72.0, 75.0, 80.0, 83.0]","[0.72, 0.84, 0.91, 0.96, 0.99, 1.01, 1.04, 1.08, 1.17]"
E06000021,62,0.86,"[47.0, 54.0, 58.0, 61.0, 64.0, 67.0, 69.0, 72.0, 77.0]","[0.56, 0.71, 0.77, 0.85, 0.91, 0.96, 1.0, 1.02, 1.05]"
E06000022,63,0.85,"[44.0, 52.0, 57.0, 61.0, 65.0, 68.0, 71.0, 75.0, 82.0]","[0.58, 0.64, 0.72, 0.79, 0.87, 0.95, 1.0, 1.03, 1.09]"
E06000023,64,0.82,"[47.0, 54.0, 59.0, 63.0, 66.0, 69.0, 72.0, 76.0, 81.0]","[0.56, 0.64, 0.7, 0.75, 0.81, 0.93, 0.99, 1.02, 1.05]"
E06000024,65,0.91,"[46.0, 55.0, 60.0, 64.0, 67.0, 70.0, 73.0, 78.0, 83.0]","[0.64, 0.74, 0.83, 0.92, 0.96, 1.0, 1.02, 1.04, 1.08]"
E06000025,65,0.92,"[48.0, 56.0, 61.0, 64.0, 67.0, 70.0, 73.0, 78.0, 83.0]","[0.68, 0.76, 0.84, 0.93, 0.96, 1.0, 1.02, 1.05, 1.15]"
E06000026,65,0.85,"[48.0, 56.0, 60.0, 64.0, 67.0, 69.0, 72.0, 75.0, 82.0]","[0.59, 0.69, 0.74, 0.8, 0.88, 0.95, 0.99, 1.02, 1.05]"
E06000027,61,0.85,"[42.0, 51.0, 56.0, 60.0, 64.0, 67.0, 69.0, 73.0, 79.0]","[0.59, 0.69, 0.75, 0.81, 0.86, 0.94, 0.97, 1.01, 1.05]"
E06000030,67,0.92,"[53.0, 59.0, 63.0, 66.0, 69.0, 72.0, 75.0, 78.0, 83.0]","[0.69, 0.77, 0.86, 0.94, 0.97, 1.0, 1.02, 1.05, 1.11]"
E06000031,67,0.93,"[50.0, 58.0, 62.0, 66.0, 70.0, 72.0, 75.0, 79.0, 83.0]","[0.69, 0.77, 0.89, 0.96, 0.99, 1.01, 1.03, 1.05, 1.13]"
E06000032,63,0.84,"[46.0, 54.0, 58.0, 62.0, 65.0, 68.0, 71.0, 74.0, 78.0]","[0.57, 0.69, 0.74, 0.79, 0.86, 0.95, 0.97, 1.01, 1.04]"
E06000033,60,0.76,"[43.0, 50.0, 55.0, 58.0, 61.0, 64.0, 68.0, 72.0, 77.0]","[0.48, 0.59, 0.68, 0.7, 0.73, 0.78, 0.87, 0.97, 1.02]"
E06000034,65,0.88,"[51.0, 57.0, 61.0, 64.0, 67.0, 70.0, 72.0, 75.0, 82.0]","[0.61, 0.71, 0.78, 0.85, 0.93, 0.96, 1.0, 1.02, 1.06]"
E06000035,64,0.86,"[49.0, 56.0, 60.0, 63.0, 66.0, 69.0, 72.0, 75.0, 81.0]","[0.58, 0.69, 0.75, 0.82, 0.9, 0.96, 0.99, 1.02, 1.06]"
E06000036,67,0.94,"[53.0, 59.0, 63.0, 66.0, 69.0, 71.0, 74.0, 78.0, 83.0]","[0.73, 0.82, 0.9, 0.95, 0.97, 1.0, 1.02, 1.05, 1.11]"
E06000037,63,0.91,"[44.0, 53.0, 58.0, 62.0, 66.0, 69.0, 71.0, 75.0, 81.0]","[0.67, 0.78, 0.86, 0.93, 0.96, 0.99, 1.01, 1.04, 1.07]"
E06000038,65,0.85,"[48.0, 55.0, 60.0, 64.0, 67.0, 70.0, 73.0, 77.0, 82.0]","[0.56, 0.68, 0.73, 0.81, 0.9, 0.96, 0.99, 1.02, 1.05]"
E06000039,66,0.88,"[51.0, 58.0, 62.0, 65.0, 68.0, 70.0, 73.0, 76.0, 81.0]","[0.61, 0.72, 0.8, 0.86, 0.94, 0.96, 1.0, 1.02, 1.05]"
E06000040,63,0.86,"[45.0, 53.0, 58.0, 62.0, 65.0, 69.0, 72.0, 75.0, 81.0]","[0.58, 0.69, 0.76, 0.83, 0.9, 0.96, 0.99, 1.02, 1.06]"
E06000041,67,0.95,"[51.0, 58.0, 62.0, 65.0, 68.0, 71.0, 74.0, 79.0, 84.0]","[0.71, 0.82, 0.89, 0.95, 0.97, 1.01, 1.04, 1.06, 1.17]"
E06000042,69,0.96,"[55.0, 61.0, 65.0, 68.0, 70.0, 73.0, 77.0, 81.0, 84.0]","[0.71, 0.84, 0.93, 0.96, 1.0, 1.01, 1.04, 1.06, 1.15]"
E06000043,63,0.77,"[46.0, 54.0, 59.0, 62.0, 65.0, 68.0, 70.0, 73.0, 78.0]","[0.53, 0.59, 0.64, 0.7, 0.76, 0.82, 0.9, 0.97, 1.02]"
E06000044,63,0.83,"[48.0, 55.0, 60.0, 63.0, 66.0, 68.0, 71.0, 74.0, 79.0]","[0.6, 0.69, 0.75, 0.81, 0.84, 0.89, 0.96, 0.99, 1.03]"
E06000045,64,0.88,"[46.0, 55.0, 60.0, 63.0, 66.0, 69.0, 72.0, 76.0, 81.0]","[0.68, 0.76, 0.81, 0.86, 0.93, 0.96, 0.98, 1.01, 1.05]"
E06000046,62,0.87,"[41.0, 51.0, 57.0, 61.0, 65.0, 68.0, 71.0, 75.0, 81.0]","[0.59, 0.7, 0.79, 0.85, 0.91, 0.96, 1.0, 1.03, 1.07]"
E06000047,64,0.91,"[48.0, 56.0, 61.0, 64.0, 67.0, 69.0, 71.0, 73.0, 79.0]","[0.65, 0.75, 0.85, 0.94, 0.98, 1.01, 1.03, 1.04, 1.08]"
E06000049,64,0.9,"[45.0, 54.0, 59.0, 63.0, 66.0, 69.0, 72.0, 76.0, 83.0]","[0.62, 0.73, 0.81, 0.89, 0.96, 1.0, 1.02, 1.05, 1.15]"
E06000050,64,0.9,"[46.0, 55.0, 60.0, 64.0, 67.0, 69.0, 72.0, 76.0, 83.0]","[0.63, 0.74, 0.81, 0.9, 0.96, 1.0, 1.02, 1.05, 1.13]"
E06000051,61,0.9,"[38.0, 48.0, 56.0, 60.0, 64.0, 68.0, 71.0, 75.0, 82.0]","[0.59, 0.72, 0.82, 0.91, 0.96, 1.0, 1.02, 1.05, 1.13]"
E06000052,58,0.88,"[31.0, 42.0, 51.0, 57.0, 62.0, 66.0, 70.0, 75.0, 82.0]","[0.58, 0.7, 0.77, 0.87, 0.95, 0.99, 1.02, 1.05, 1.13]"
E06000053,46,0.81,"[18.0, 29.0, 37.0, 43.0, 47.0, 54.0, 58.0, 65.0, 73.0]","[0.52, 0.62, 0.72, 0.78, 0.84, 0.9, 0.95, 0.99, 1.04]"
E06000054,64,0.93,"[44.0, 53.0, 59.0, 63.0, 67.0, 70.0, 73.0, 78.0, 83.0]","[0.66, 0.77, 0.87, 0.95, 0.98, 1.01, 1.03, 1.05, 1.15]"
E06000055,66,0.92,"[48.0, 56.0, 61.0, 65.0, 69.0, 72.0, 75.0, 80.0, 84.0]","[0.64, 0.73, 0.83, 0.94, 0.97, 1.01, 1.03, 1.07, 1.17]"
E06000056,67,0.95,"[50.0, 58.0, 62.0, 66.0, 69.0, 71.0, 75.0, 81.0, 84.0]","[0.69, 0.79, 0.89, 0.95, 0.99, 1.01, 1.04, 1.09, 1.17]"
E06000057,62,0.91,"[41.0, 52.0, 58.0, 62.0, 65.0, 68.0, 71.0, 74.0, 81.0]","[0.64, 0.75, 0.84, 0.91, 0.96, 1.0, 1.02, 1.04, 1.11]"
E06000058,64,0.9,"[47.0, 55.0, 60.0, 63.0, 66.0, 69.0, 72.0, 76.0, 81.0]","[0.68, 0.78, 0.82, 0.88, 0.94, 0.97, 1.0, 1.02, 1.05]"
E06000059,62,0.9,"[42.0, 52.0, 58.0, 62.0, 65.0, 68.0, 71.0, 75.0, 81.0]","[0.63, 0.75, 0.84, 0.91, 0.96, 0.99, 1.01, 1.04, 1.08]"
E06000060,68,0.93,"[53.0, 60.0, 65.0, 68.0, 70.0, 72.0, 75.0, 79.0, 84.0]","[0.69, 0.8, 0.88, 0.94, 0.96, 0.99, 1.02, 1.05, 1.15]"
E06000061,70,0.95,"[55.0, 62.0, 66.0, 69.0, 71.0, 73.0, 77.0, 82.0, 84.0]","[0.7, 0.78, 0.9, 0.96, 0.99, 1.02, 1.05, 1.09, 1.18]"
E06000062,69,0.95,"[54.0, 61.0, 65.0, 68.0, 70.0, 73.0, 76.0, 82.0, 84.0]","[0.7, 0.81, 0.91, 0.96, 0.99, 1.01, 1.04, 1.08, 1.18]"
E07000004,65,0.94,"[45.0, 55.0, 61.0, 65.0, 68.0, 71.0, 74.0, 80.0, 83.0]","[0.67, 0.79, 0.89, 0.95, 0.99, 1.01, 1.04, 1.06, 1.16]"
E07000005,61,0.86,"[42.0, 51.0, 56.0, 60.0, 63.0, 66.0, 70.0, 73.0, 79.0]","[0.59, 0.69, 0.76, 0.83, 0.89, 0.95, 0.99, 1.02, 1.06]"
E07000006,63,0.87,"[44.0, 53.0, 58.0, 62.0, 66.0, 69.0, 72.0, 76.0, 82.0]","[0.6, 0.7, 0.78, 0.85, 0.93, 0.96, 1.0, 1.03, 1.08]"
E07000007,63,0.88,"[46.0, 53.0, 58.0, 62.0, 65.0, 68.0, 71.0, 74.0, 80.0]","[0.61, 0.72, 0.8, 0.86, 0.94, 0.96, 0.99, 1.02, 1.06]"
E07000008,67,0.88,"[50.0, 57.0, 62.0, 66.0, 69.0, 72.0, 76.0, 81.0, 85.0]","[0.58, 0.69, 0.76, 0.85, 0.95, 0.99, 1.02, 1.05, 1.11]"
E07000009,64,0.94,"[43.0, 53.0, 58.0, 62.0, 66.0, 70.0, 73.0, 78.0, 83.0]","[0.68, 0.77, 0.88, 0.95, 0.99, 1.01, 1.04, 1.06, 1.16]"
E07000010,63,0.92,"[43.0, 53.0, 58.0, 62.0, 66.0, 69.0, 72.0, 76.0, 82.0]","[0.66, 0.74, 0.85, 0.95, 0.98, 1.01, 1.03, 1.05, 1.13]"
E07000011,65,0.94,"[48.0, 56.0, 61.0, 65.0, 68.0, 70.0, 73.0, 78.0, 83.0]","[0.7, 0.81, 0.9, 0.95, 0.98, 1.01, 1.03, 1.05, 1.14]"
E07000012,66,0.95,"[46.0, 55.0, 60.0, 64.0, 68.0, 71.0, 75.0, 81.0, 84.0]","[0.7, 0.81, 0.91, 0.96, 1.0, 1.02, 1.05, 1.07, 1.16]"
E07000026,59,0.85,"[38.0, 48.0, 55.0, 59.0, 63.0, 66.0, 69.0, 72.0, 79.0]","[0.49, 0.66, 0.74, 0.84, 0.89, 0.96, 1.01, 1.04, 1.08]"
E07000027,60,0.82,"[41.0, 51.0, 56.0, 60.0, 63.0, 65.0, 68.0, 71.0, 75.0]","[0.56, 0.62, 0.72, 0.79, 0.86, 0.9, 0.96, 1.01, 1.04]"
E07000028,63,0.9,"[43.0, 54.0, 59.0, 63.0, 66.0, 68.0, 71.0, 75.0, 82.0]","[0.61, 0.73, 0.8, 0.9, 0.96, 0.99, 1.01, 1.04, 1.15]"
E07000029,60,0.85,"[40.0, 50.0, 56.0, 60.0, 63.0, 66.0, 68.0, 71.0, 77.0]","[0.52, 0.68, 0.75, 0.83, 0.87, 0.95, 1.0, 1.02, 1.05]"
E07000030,56,0.87,"[29.0, 40.0, 47.0, 53.0, 58.0, 63.0, 68.0, 73.0, 80.0]","[0.56, 0.68, 0.75, 0.84, 0.93, 0.98, 1.01, 1.04, 1.12]"
E07000031,58,0.85,"[35.0, 46.0, 53.0, 58.0, 62.0, 65.0, 69.0, 72.0, 78.0]","[0.53, 0.66, 0.73, 0.81, 0.9, 0.96, 0.99, 1.02, 1.06]"
E07000032,61,0.88,"[42.0, 51.0, 56.0, 60.0, 64.0, 67.0, 70.0, 74.0, 81.0]","[0.58, 0.7, 0.75, 0.85, 0.94, 0.99, 1.01, 1.04, 1.11]"
E07000033,63,0.9,"[45.0, 53.0, 58.0, 62.0, 66.0, 69.0, 71.0, 76.0, 83.0]","[0.57, 0.73, 0.78, 0.9, 0.96, 1.0, 1.02, 1.05, 1.15]"
E07000034,64,0.89,"[48.0, 56.0, 60.0, 63.0, 66.0, 68.0, 71.0, 74.0, 79.0]","[0.65, 0.74, 0.8, 0.89, 0.96, 0.99, 1.01, 1.03, 1.05]"
E07000035,59,0.85,"[36.0, 46.0, 53.0, 58.0, 62.0, 66.0, 69.0, 74.0, 82.0]","[0.51, 0.65, 0.73, 0.79, 0.89, 0.96, 1.01, 1.04, 1.1]"
E07000036,61,0.86,"[42.0, 51.0, 56.0, 60.0, 63.0, 67.0, 70.0, 73.0, 79.0]","[0.58, 0.69, 0.74, 0.8, 0.9, 0.96, 1.0, 1.03, 1.06]"
E07000037,63,0.85,"[45.0, 54.0, 58.0, 62.0, 65.0, 68.0, 71.0, 74.0, 81.0]","[0.57, 0.69, 0.74, 0.8, 0.89, 0.96, 1.01, 1.03, 1.07]"
E07000038,63,0.91,"[47.0, 55.0, 58.0, 62.0, 65.0, 67.0, 70.0, 73.0, 82.0]","[0.67, 0.74, 0.82, 0.9, 0.96, 1.0, 1.01, 1.04, 1.13]"
E07000039,66,0.95,"[47.0, 56.0, 61.0, 65.0, 68.0, 71.0, 75.0, 81.0, 84.0]","[0.68, 0.78, 0.91, 0.96, 1.01, 1.02, 1.05, 1.11, 1.17]"
E07000040,62,0.91,"[41.0, 51.0, 57.0, 61.0, 65.0, 68.0, 72.0, 77.0, 83.0]","[0.64, 0.75, 0.83, 0.9, 0.96, 0.99, 1.02, 1.05, 1.16]"
E07000041,66,0.9,"[49.0, 57.0, 62.0, 65.0, 68.0, 71.0, 74.0, 79.0, 84.0]","[0.61, 0.73, 0.81, 0.88, 0.95, 0.98, 1.01, 1.05, 1.13]"
E07000042,60,0.9,"[35.0, 46.0, 54.0, 59.0, 64.0, 68.0, 71.0, 76.0, 82.0]","[0.62, 0.74, 0.83, 0.91, 0.96, 1.0, 1.02, 1.05, 1.12]"
E07000043,60,0.88,"[36.0, 47.0, 54.0, 59.0, 64.0, 68.0, 71.0, 75.0, 83.0]","[0.59, 0.69, 0.76, 0.86, 0.94, 0.98, 1.01, 1.04, 1.13]"
E07000044,58,0.88,"[34.0, 44.0, 52.0, 57.0, 61.0, 65.0, 69.0, 73.0, 82.0]","[0.59, 0.7, 0.78, 0.86, 0.94, 0.97, 1.01, 1.04, 1.11]"
E07000045,61,0.89,"[40.0, 50.0, 56.0, 61.0, 64.0, 67.0, 71.0, 75.0, 82.0]","[0.61, 0.72, 0.8, 0.88, 0.95, 0.99, 1.01, 1.04, 1.13]"
E07000046,58,0.88,"[31.0, 43.0, 51.0, 57.0, 62.0, 66.0, 70.0, 74.0, 80.0]","[0.59, 0.7, 0.77, 0.86, 0.94, 0.98, 1.01, 1.04, 1.09]"
E07000047,57,0.87,"[30.0, 41.0, 50.0, 56.0, 61.0, 66.0, 69.0, 74.0, 81.0]","[0.58, 0.69, 0.76, 0.85, 0.94, 0.98, 1.01, 1.04, 1.11]"
E07000061,64,0.86,"[48.0, 56.0, 60.0, 64.0, 67.0, 69.0, 72.0, 75.0, 79.0]","[0.61, 0.71, 0.79, 0.84, 0.9, 0.96, 0.98, 1.01, 1.04]"
E07000062,63,0.82,"[46.0, 54.0, 59.0, 63.0, 66.0, 68.0, 71.0, 73.0, 78.0]","[0.58, 0.66, 0.71, 0.78, 0.83, 0.9, 0.96, 1.0, 1.03]"
E07000063,63,0.89,"[45.0, 53.0, 58.0, 62.0, 65.0, 68.0, 71.0, 74.0, 80.0]","[0.62, 0.74, 0.81, 0.88, 0.94, 0.96, 1.0, 1.02, 1.06]"
E07000064,61,0.87,"[41.0, 50.0, 56.0, 60.0, 63.0, 67.0, 70.0, 73.0, 79.0]","[0.6, 0.71, 0.79, 0.85, 0.91, 0.96, 1.0, 1.02, 1.05]"
E07000065,62,0.91,"[42.0, 51.0, 57.0, 61.0, 65.0, 68.0, 71.0, 76.0, 83.0]","[0.64, 0.75, 0.83, 0.89, 0.95, 0.99, 1.01, 1.05, 1.15]"
E07000066,65,0.9,"[51.0, 58.0, 62.0, 65.0, 67.0, 69.0, 72.0, 75.0, 80.0]","[0.67, 0.75, 0.81, 0.89, 0.95, 0.97, 1.0, 1.02, 1.06]"
E07000067,64,0.91,"[45.0, 54.0, 60.0, 64.0, 67.0, 70.0, 72.0, 76.0, 83.0]","[0.65, 0.76, 0.85, 0.93, 0.96, 1.0, 1.02, 1.05, 1.12]"
E07000068,63,0.86,"[46.0, 54.0, 58.0, 62.0, 65.0, 68.0, 71.0, 75.0, 80.0]","[0.6, 0.7, 0.75, 0.82, 0.89, 0.95, 0.99, 1.02, 1.05]"
E07000069,59,0.84,"[43.0, 50.0, 55.0, 58.0, 61.0, 64.0, 67.0, 70.0, 75.0]","[0.59, 0.69, 0.74, 0.79, 0.85, 0.91, 0.96, 1.0, 1.04]"
E07000070,65,0.91,"[47.0, 55.0, 60.0, 64.0, 67.0, 70.0, 73.0, 78.0, 83.0]","[0.67, 0.75, 0.83, 0.91, 0.96, 0.99, 1.01, 1.05, 1.1]"
E07000071,66,0.93,"[48.0, 57.0, 62.0, 65.0, 69.0, 71.0, 75.0, 79.0, 83.0]","[0.69, 0.79, 0.88, 0.95, 0.98, 1.0, 1.02, 1.05, 1.12]"
E07000072,63,0.86,"[45.0, 54.0, 59.0, 62.0, 65.0, 69.0, 71.0, 75.0, 82.0]","[0.58, 0.69, 0.75, 0.81, 0.88, 0.95, 0.99, 1.02, 1.09]"
E07000073,66,0.87,"[54.0, 60.0, 63.0, 65.0, 67.0, 69.0, 71.0, 74.0, 78.0]","[0.63, 0.72, 0.8, 0.85, 0.91, 0.96, 0.99, 1.01, 1.05]"
E07000074,60,0.9,"[39.0, 49.0, 55.0, 59.0, 63.0, 66.60000000000036, 70.0, 74.0, 83.0]","[0.6, 0.72, 0.81, 0.9, 0.95, 0.99, 1.01, 1.04, 1.15]"
E07000075,63,0.87,"[45.0, 53.0, 58.0, 61.0, 64.0, 68.0, 71.0, 76.0, 83.0]","[0.59, 0.7, 0.75, 0.82, 0.91, 0.96, 1.0, 1.04, 1.13]"
E07000076,61,0.88,"[41.0, 50.0, 55.0, 60.0, 63.0, 66.0, 69.0, 73.0, 82.0]","[0.59, 0.71, 0.78, 0.85, 0.93, 0.96, 1.0, 1.03, 1.08]"
E07000077,65,0.93,"[42.0, 53.0, 59.0, 64.0, 68.0, 71.0, 76.0, 82.0, 84.0]","[0.62, 0.75, 0.85, 0.94, 0.99, 1.02, 1.05, 1.12, 1.18]"
E07000078,64,0.85,"[47.0, 55.0, 59.0, 63.0, 66.0, 69.0, 72.0, 75.0, 81.0]","[0.58, 0.66, 0.74, 0.81, 0.9, 0.96, 1.0, 1.02, 1.06]"
E07000079,61,0.89,"[38.0, 47.0, 54.0, 59.0, 63.0, 68.0, 72.0, 77.0, 83.0]","[0.57, 0.69, 0.78, 0.88, 0.95, 0.99, 1.02, 1.05, 1.15]"
E07000080,60,0.89,"[37.0, 46.0, 53.0, 58.0, 63.0, 67.0, 70.0, 75.0, 83.0]","[0.61, 0.72, 0.79, 0.87, 0.95, 0.99, 1.02, 1.05, 1.15]"
E07000081,65,0.9,"[49.0, 56.0, 61.0, 64.0, 67.0, 70.0, 73.0, 77.0, 82.0]","[0.63, 0.73, 0.81, 0.9, 0.96, 0.99, 1.01, 1.04, 1.09]"
E07000082,62,0.89,"[42.0, 51.0, 56.0, 61.0, 65.0, 68.0, 72.0, 77.0, 83.0]","[0.57, 0.7, 0.79, 0.87, 0.95, 0.99, 1.02, 1.05, 1.15]"
E07000083,66,0.95,"[47.0, 56.0, 61.0, 65.0, 68.0, 71.0, 75.0, 80.0, 84.0]","[0.69, 0.8, 0.89, 0.95, 0.99, 1.01, 1.04, 1.09, 1.17]"
E07000084,68,0.96,"[52.0, 60.0, 64.0, 67.0, 70.0, 73.0, 77.0, 81.0, 84.0]","[0.73, 0.85, 0.92, 0.96, 0.99, 1.01, 1.04, 1.07, 1.16]"
E07000085,65,0.93,"[46.0, 55.0, 60.0, 64.0, 67.0, 70.0, 74.0, 79.0, 84.0]","[0.68, 0.79, 0.87, 0.95, 0.97, 1.0, 1.03, 1.06, 1.17]"
E07000086,68,0.96,"[53.0, 59.0, 63.0, 66.0, 69.0, 71.0, 74.0, 80.0, 85.0]","[0.75, 0.84, 0.91, 0.96, 0.98, 1.01, 1.02, 1.05, 1.15]"
E07000087,65,0.93,"[50.0, 57.0, 61.0, 64.0, 67.0, 69.0, 72.0, 75.0, 82.0]","[0.72, 0.81, 0.88, 0.94, 0.96, 0.99, 1.01, 1.04, 1.07]"
E07000088,65,0.89,"[48.0, 57.0, 62.0, 65.0, 67.0, 70.0, 72.0, 75.0, 79.0]","[0.65, 0.76, 0.82, 0.88, 0.95, 0.97, 1.0, 1.02, 1.05]"
E07000089,67,0.94,"[50.0, 58.0, 62.0, 66.0, 68.0, 71.0, 74.0, 79.0, 84.0]","[0.7, 0.81, 0.89, 0.95, 0.98, 1.01, 1.04, 1.06, 1.15]"
E07000090,64,0.9,"[48.0, 56.0, 60.0, 64.0, 66.0, 69.0, 71.0, 75.0, 82.0]","[0.67, 0.76, 0.82, 0.89, 0.95, 0.96, 1.0, 1.02, 1.07]"
E07000091,63,0.91,"[45.0, 54.0, 59.0, 62.0, 65.0, 68.0, 70.0, 73.0, 79.0]","[0.69, 0.8, 0.86, 0.91, 0.95, 0.98, 1.0, 1.02, 1.05]"
E07000092,66,0.89,"[50.0, 57.0, 61.0, 65.0, 68.0, 71.0, 73.0, 77.0, 83.0]","[0.61, 0.72, 0.8, 0.87, 0.95, 0.98, 1.01, 1.04, 1.08]"
E07000093,64,0.94,"[46.0, 55.0, 60.0, 64.0, 67.0, 70.0, 73.0, 77.0, 83.0]","[0.71, 0.82, 0.89, 0.95, 0.98, 1.01, 1.02, 1.05, 1.13]"
E07000094,66,0.93,"[46.0, 56.0, 61.0, 65.0, 68.0, 71.0, 75.0, 80.0, 84.0]","[0.65, 0.79, 0.88, 0.95, 0.98, 1.01, 1.04, 1.06, 1.17]"
E07000095,65,0.87,"[48.0, 56.0, 60.0, 64.0, 67.0, 70.0, 72.0, 76.0, 81.0]","[0.61, 0.72, 0.79, 0.84, 0.91, 0.96, 0.99, 1.02, 1.05]"
E07000096,65,0.89,"[49.0, 56.0, 61.0, 64.0, 67.0, 69.0, 72.0, 76.0, 81.0]","[0.63, 0.73, 0.81, 0.88, 0.95, 0.97, 1.0, 1.03, 1.07]"
E07000098,65,0.87,"[49.0, 56.0, 60.0, 64.0, 67.0, 70.0, 73.0, 77.0, 82.0]","[0.6, 0.71, 0.78, 0.83, 0.9, 0.96, 1.0, 1.03, 1.08]"
E07000099,65,0.89,"[48.0, 56.0, 61.0, 64.0, 67.0, 70.0, 72.0, 75.0, 81.0]","[0.63, 0.73, 0.81, 0.89, 0.95, 0.98, 1.01, 1.03, 1.06]"
E07000102,63,0.85,"[47.0, 54.0, 59.0, 62.0, 66.0, 68.0, 71.0, 75.0, 80.0]","[0.59, 0.69, 0.75, 0.81, 0.88, 0.96, 0.99, 1.02, 1.05]"
E07000103,66,0.84,"[50.0, 57.0, 61.0, 64.0, 67.0, 71.0, 75.0, 79.0, 83.0]","[0.52, 0.68, 0.72, 0.78, 0.86, 0.96, 1.0, 1.04, 1.08]"
E07000105,66,0.93,"[47.0, 57.0, 62.0, 66.0, 69.0, 71.0, 74.0, 79.0, 84.0]","[0.68, 0.79, 0.88, 0.95, 0.99, 1.01, 1.04, 1.06, 1.15]"
E07000106,64,0.88,"[47.0, 55.0, 60.0, 63.0, 66.0, 69.0, 72.0, 75.0, 82.0]","[0.5960000000000036, 0.71, 0.79, 0.86, 0.93, 0.97, 1.01, 1.04, 1.08]"
E07000107,68,0.9,"[51.0, 58.0, 62.0, 66.0, 70.0, 73.0, 78.0, 82.0, 84.0]","[0.6, 0.71, 0.78, 0.88, 0.96, 1.0, 1.04, 1.06, 1.15]"
E07000108,63,0.85,"[45.0, 54.0, 59.0, 62.0, 66.0, 68.0, 71.0, 74.0, 81.0]","[0.58, 0.69, 0.75, 0.81, 0.89, 0.95, 0.98, 1.02, 1.07]"
E07000109,64,0.84,"[47.0, 54.0, 59.0, 62.0, 65.0, 68.0, 71.0, 75.0, 81.0]","[0.56, 0.68, 0.73, 0.79, 0.87, 0.95, 0.98, 1.01, 1.06]"
E07000110,66,0.91,"[48.0, 57.0, 62.0, 65.0, 68.0, 71.0, 75.0, 80.0, 84.0]","[0.62, 0.74, 0.82, 0.9, 0.96, 1.0, 1.02, 1.05, 1.15]"
E07000111,61,0.86,"[42.0, 50.0, 56.0, 60.0, 64.0, 67.0, 70.0, 74.0, 80.0]","[0.59, 0.69, 0.77, 0.83, 0.9, 0.95, 0.99, 1.02, 1.07]"
E07000112,63,0.85,"[44.0, 53.0, 58.0, 62.0, 65.0, 68.0, 71.0, 74.0, 80.0]","[0.59, 0.69, 0.75, 0.81, 0.88, 0.95, 0.98, 1.02, 1.05]"
E07000113,64,0.89,"[46.0, 55.0, 60.0, 63.0, 66.0, 69.0, 72.0, 76.0, 83.0]","[0.6, 0.71, 0.8, 0.87, 0.95, 0.98, 1.01, 1.05, 1.13]"
E07000114,63,0.84,"[45.0, 54.0, 59.0, 62.0, 65.0, 68.0, 71.0, 74.0, 79.0]","[0.57, 0.66, 0.7259999999999854, 0.8, 0.86, 0.94, 0.98, 1.01, 1.05]"
E07000115,65,0.91,"[47.0, 56.0, 60.0, 64.0, 67.0, 70.0, 74.0, 79.0, 83.0]","[0.61, 0.73, 0.82, 0.91, 0.96, 1.0, 1.02, 1.05, 1.13]"
E07000116,62,0.85,"[42.0, 51.0, 56.0, 60.0, 64.0, 68.0, 71.0, 75.0, 82.0]","[0.57, 0.67, 0.74, 0.81, 0.89, 0.95, 0.99, 1.02, 1.08]"
E07000117,59,0.78,"[41.0, 50.0, 55.0, 58.0, 61.0, 64.0, 67.0, 70.0, 75.0]","[0.48, 0.56, 0.69, 0.74, 0.76, 0.84, 0.94, 1.01, 1.04]"
E07000118,65,0.93,"[48.0, 56.0, 61.0, 65.0, 67.0, 70.0, 73.0, 78.0, 83.0]","[0.69, 0.79, 0.87, 0.94, 0.98, 1.01, 1.03, 1.05, 1.15]"
E07000119,62,0.9,"[43.0, 51.0, 56.0, 60.0, 64.0, 67.0, 71.0, 77.0, 83.0]","[0.61, 0.74, 0.8, 0.86, 0.94, 0.98, 1.01, 1.04, 1.15]"
E07000120,59,0.77,"[42.0, 50.0, 55.0, 58.0, 61.0, 64.0, 67.0, 70.0, 75.0]","[0.47, 0.52, 0.67, 0.73, 0.76, 0.85, 0.94, 1.0, 1.04]"
E07000121,61,0.84,"[43.0, 52.0, 57.0, 61.0, 64.0, 67.0, 70.0, 73.0, 79.0]","[0.52, 0.67, 0.74, 0.81, 0.88, 0.95, 0.99, 1.02, 1.06]"
E07000122,57,0.75,"[40.0, 48.0, 53.0, 56.0, 60.0, 63.0, 66.0, 69.0, 74.0]","[0.47, 0.5, 0.62, 0.71, 0.74, 0.78, 0.87, 0.98, 1.04]"
E07000123,64,0.9,"[47.0, 55.0, 60.0, 64.0, 67.0, 69.0, 72.0, 75.0, 82.0]","[0.61, 0.74, 0.83, 0.9, 0.96, 0.99, 1.01, 1.04, 1.07]"
E07000124,63,0.9,"[42.0, 52.0, 57.0, 61.0, 65.0, 69.0, 72.0, 81.0, 84.0]","[0.59, 0.7, 0.76, 0.85, 0.94, 1.0, 1.03, 1.11, 1.18]"
E07000125,60,0.8,"[43.0, 51.0, 56.0, 59.0, 63.0, 66.0, 69.0, 72.0, 77.0]","[0.48, 0.58, 0.7, 0.75, 0.81, 0.89, 0.97, 1.01, 1.05]"
E07000126,64,0.93,"[48.0, 56.0, 60.0, 63.0, 66.0, 69.0, 71.0, 75.0, 82.0]","[0.7, 0.79, 0.86, 0.93, 0.96, 1.0, 1.02, 1.04, 1.1]"
E07000127,62,0.89,"[44.0, 53.0, 58.0, 62.0, 65.0, 68.0, 71.0, 74.0, 82.0]","[0.61, 0.73, 0.8, 0.87, 0.95, 0.98, 1.01, 1.04, 1.1]"
E07000128,61,0.9,"[43.0, 52.0, 57.0, 61.0, 64.0, 67.0, 69.0, 73.0, 81.0]","[0.64, 0.75, 0.82, 0.87, 0.95, 0.98, 1.01, 1.04, 1.09]"
E07000129,64,0.92,"[47.0, 55.0, 59.0, 62.0, 65.0, 68.0, 71.0, 77.0, 83.0]","[0.67, 0.74, 0.84, 0.93, 0.96, 1.0, 1.02, 1.05, 1.17]"
E07000130,64,0.9,"[46.0, 54.0, 59.0, 63.0, 66.0, 70.0, 73.0, 78.0, 83.0]","[0.6, 0.72, 0.79, 0.9, 0.96, 1.0, 1.02, 1.05, 1.15]"
E07000131,65,0.94,"[45.0, 55.0, 60.0, 64.0, 67.0, 70.0, 74.0, 81.0, 84.0]","[0.67, 0.76, 0.87, 0.96, 1.0, 1.01, 1.04, 1.1, 1.18]"
E07000132,64,0.91,"[46.0, 54.0, 59.0, 62.0, 66.0, 69.0, 72.0, 77.0, 83.0]","[0.65, 0.74, 0.82, 0.93, 0.96, 1.0, 1.02, 1.05, 1.14]"
E07000133,61,0.89,"[40.0, 49.0, 55.0, 59.0, 63.0, 66.0, 70.0, 75.0, 82.0]","[0.59, 0.71, 0.77, 0.87, 0.95, 0.99, 1.02, 1.05, 1.14]"
E07000134,64,0.92,"[45.0, 54.0, 59.0, 63.0, 66.0, 69.0, 72.0, 79.0, 84.0]","[0.64, 0.74, 0.85, 0.95, 0.98, 1.01, 1.04, 1.07, 1.18]"
E07000135,62,0.88,"[46.0, 53.0, 57.0, 61.0, 64.0, 66.0, 69.0, 72.0, 80.0]","[0.63, 0.73, 0.77, 0.86, 0.93, 0.96, 1.0, 1.02, 1.05]"
E07000136,62,0.91,"[41.0, 51.0, 57.0, 61.0, 65.0, 68.0, 71.0, 75.0, 82.0]","[0.64, 0.74, 0.85, 0.94, 0.98, 1.01, 1.02, 1.05, 1.12]"
E07000137,58,0.9,"[35.0, 45.0, 52.0, 57.0, 61.0, 65.0, 68.0, 72.0, 79.0]","[0.62, 0.73, 0.81, 0.9, 0.96, 0.99, 1.01, 1.04, 1.08]"
E07000138,64,0.88,"[48.0, 56.0, 60.0, 63.0, 66.0, 69.0, 72.0, 75.0, 80.0]","[0.58, 0.71, 0.77, 0.89, 0.96, 0.99, 1.01, 1.03, 1.06]"
E07000139,64,0.95,"[44.0, 54.0, 60.0, 63.0, 66.0, 69.0, 72.0, 78.0, 83.0]","[0.7, 0.84, 0.94, 0.97, 1.0, 1.01, 1.04, 1.06, 1.15]"
E07000140,61,0.93,"[40.0, 50.0, 57.0, 61.0, 64.0, 67.0, 70.0, 75.0, 82.0]","[0.68, 0.78, 0.89, 0.95, 0.99, 1.01, 1.03, 1.05, 1.15]"
E07000141,63,0.91,"[43.0, 52.0, 58.0, 62.0, 65.0, 68.0, 71.0, 75.0, 81.0]","[0.66, 0.75, 0.86, 0.95, 0.97, 1.0, 1.02, 1.05, 1.1]"
E07000142,62,0.91,"[41.0, 51.0, 57.0, 61.0, 65.0, 68.0, 71.0, 75.0, 81.0]","[0.62, 0.74, 0.84, 0.94, 0.98, 1.01, 1.02, 1.05, 1.13]"
E07000143,63,0.94,"[42.0, 52.0, 57.0, 61.0, 65.0, 68.0, 71.0, 76.0, 83.0]","[0.69, 0.79, 0.9, 0.95, 0.99, 1.01, 1.03, 1.05, 1.16]"
E07000144,63,0.94,"[45.0, 54.0, 59.0, 62.0, 65.0, 68.0, 71.0, 75.0, 83.0]","[0.7, 0.8, 0.9, 0.95, 0.98, 1.01, 1.03, 1.05, 1.16]"
E07000145,61,0.86,"[39.0, 50.0, 56.0, 61.0, 64.0, 68.0, 71.0, 74.0, 78.0]","[0.59, 0.69, 0.75, 0.84, 0.92, 0.96, 1.0, 1.02, 1.06]"
E07000146,59,0.9,"[37.0, 46.0, 53.0, 58.0, 62.0, 66.0, 69.0, 74.0, 80.0]","[0.65, 0.74, 0.83, 0.91, 0.96, 0.99, 1.02, 1.04, 1.09]"
E07000147,58,0.89,"[35.0, 45.0, 52.0, 57.0, 61.0, 65.0, 68.0, 72.0, 78.0]","[0.6, 0.71, 0.78, 0.89, 0.95, 0.99, 1.01, 1.04, 1.08]"
E07000148,66,0.88,"[50.0, 57.0, 62.0, 65.0, 68.0, 70.0, 73.0, 76.0, 80.0]","[0.61, 0.71, 0.77, 0.86, 0.94, 0.98, 1.0, 1.03, 1.05]"
E07000149,64,0.95,"[42.0, 52.0, 58.0, 62.0, 66.0, 70.0, 75.0, 80.0, 83.0]","[0.69, 0.81, 0.93, 0.97, 1.0, 1.02, 1.05, 1.09, 1.17]"
E07000150,68,0.94,"[53.0, 59.0, 63.0, 66.0, 69.0, 72.0, 75.0, 79.0, 83.10000000000218]","[0.7, 0.77, 0.86, 0.95, 1.0, 1.02, 1.05, 1.07, 1.17]"
E07000151,64,0.94,"[42.0, 53.0, 59.0, 63.0, 66.0, 69.0, 73.0, 78.0, 84.0]","[0.67, 0.78, 0.89, 0.95, 0.99, 1.01, 1.03, 1.07, 1.18]"
E07000152,64,0.93,"[45.0, 54.0, 60.0, 64.0, 67.0, 70.0, 73.0, 77.0, 83.0]","[0.66, 0.74, 0.86, 0.95, 0.99, 1.01, 1.03, 1.05, 1.16]"
E07000153,65,0.91,"[47.0, 55.0, 59.0, 63.0, 67.0, 70.0, 74.0, 79.0, 83.0]","[0.64, 0.73, 0.8, 0.93, 0.97, 1.01, 1.03, 1.06, 1.16]"
E07000154,65,0.89,"[49.0, 56.0, 60.0, 64.0, 67.0, 69.0, 72.0, 77.0, 83.0]","[0.61, 0.73, 0.79, 0.89, 0.95, 0.98, 1.01, 1.04, 1.08]"
E07000155,64,0.93,"[43.0, 53.0, 59.0, 63.0, 67.0, 70.0, 73.0, 79.0, 83.0]","[0.66, 0.76, 0.88, 0.95, 0.99, 1.01, 1.04, 1.06, 1.17]"
E07000156,65,0.91,"[48.0, 56.0, 61.0, 64.0, 67.0, 70.0, 73.0, 77.0, 83.0]","[0.64, 0.74, 0.83, 0.94, 0.96, 1.0, 1.02, 1.05, 1.1]"
E07000163,60,0.85,"[38.0, 48.0, 55.0, 59.0, 63.0, 66.0, 69.0, 73.0, 80.0]","[0.52, 0.67, 0.73, 0.78, 0.87, 0.96, 1.01, 1.04, 1.08]"
E07000164,61,0.91,"[39.0, 48.0, 55.0, 60.0, 64.0, 67.0, 70.0, 75.0, 83.0]","[0.63, 0.74, 0.85, 0.93, 0.97, 1.0, 1.02, 1.05, 1.13]"
E07000165,62,0.87,"[42.0, 51.0, 57.0, 61.0, 64.0, 67.0, 70.0, 74.0, 82.0]","[0.58, 0.69, 0.75, 0.83, 0.92, 0.96, 1.01, 1.03, 1.09]"
E07000166,58,0.87,"[34.0, 44.600000000000364, 53.0, 58.0, 62.0, 66.0, 69.0, 72.0, 78.0]","[0.59, 0.7, 0.75, 0.84, 0.93, 0.98, 1.01, 1.04, 1.08]"
E07000167,58,0.87,"[32.0, 42.0, 50.0, 56.0, 60.0, 65.0, 69.0, 75.0, 83.0]","[0.56, 0.67, 0.75, 0.85, 0.94, 0.98, 1.02, 1.05, 1.14]"
E07000168,60,0.83,"[39.0, 49.0, 55.0, 59.0, 63.0, 66.0, 69.0, 73.0, 80.0]","[0.51, 0.62, 0.71, 0.79, 0.86, 0.95, 0.99, 1.02, 1.07]"
E07000169,64,0.94,"[44.0, 54.0, 59.0, 63.0, 66.0, 69.0, 73.0, 78.0, 83.0]","[0.68, 0.78, 0.89, 0.95, 0.99, 1.01, 1.04, 1.08, 1.16]"
E07000170,63,0.89,"[45.0, 53.0, 58.0, 62.0, 65.0, 68.0, 71.0, 75.0, 80.0]","[0.52, 0.72, 0.78, 0.89, 0.96, 1.0, 1.02, 1.04, 1.08]"
E07000171,62,0.91,"[42.0, 52.0, 58.0, 62.0, 65.0, 68.0, 71.0, 74.0, 81.0]","[0.625, 0.74, 0.84, 0.93, 0.97, 1.0, 1.02, 1.05, 1.1]"
E07000172,61,0.85,"[43.0, 51.0, 56.0, 59.0, 63.0, 65.0, 69.0, 72.0, 78.0]","[0.58, 0.69, 0.74, 0.78, 0.87, 0.95, 0.99, 1.02, 1.05]"
E07000173,62,0.88,"[44.0, 52.0, 57.0, 61.0, 64.0, 67.0, 70.0, 74.0, 81.0]","[0.61, 0.72, 0.77, 0.84, 0.93, 0.97, 1.0, 1.04, 1.08]"
E07000174,63,0.89,"[46.0, 54.0, 59.0, 63.0, 66.0, 68.0, 71.0, 75.0, 80.0]","[0.6, 0.73, 0.8, 0.89, 0.95, 0.99, 1.01, 1.04, 1.08]"
E07000175,63,0.91,"[44.0, 53.0, 58.0, 62.0, 66.0, 69.0, 72.0, 76.0, 82.0]","[0.63, 0.73, 0.82, 0.92, 0.97, 1.0, 1.02, 1.05, 1.14]"
E07000176,63,0.9,"[44.0, 53.0, 58.0, 62.0, 65.0, 69.0, 72.0, 78.0, 83.0]","[0.6, 0.72, 0.79, 0.89, 0.96, 1.0, 1.02, 1.05, 1.15]"
E07000177,66,0.94,"[47.0, 56.0, 62.0, 65.0, 69.0, 71.0, 74.0, 80.0, 84.0]","[0.69, 0.8, 0.9, 0.96, 0.99, 1.01, 1.04, 1.07, 1.18]"
E07000178,65,0.84,"[49.0, 56.0, 61.0, 64.0, 67.0, 70.0, 73.0, 76.0, 80.0]","[0.55, 0.67, 0.74, 0.81, 0.9, 0.96, 0.99, 1.02, 1.05]"
E07000179,63,0.91,"[43.0, 53.0, 58.0, 62.0, 66.0, 69.0, 72.0, 77.0, 84.0]","[0.61, 0.73, 0.82, 0.9, 0.96, 0.99, 1.02, 1.05, 1.15]"
E07000180,68,0.96,"[48.0, 57.0, 62.0, 66.0, 70.0, 73.0, 79.0, 83.0, 84.0]","[0.69, 0.81, 0.9, 0.96, 0.99, 1.02, 1.05, 1.14, 1.18]"
E07000181,65,0.92,"[44.0, 54.0, 60.0, 64.0, 68.0, 71.0, 75.0, 79.0, 84.0]","[0.62, 0.74, 0.85, 0.95, 0.99, 1.01, 1.04, 1.07, 1.16]"
E07000187,63,0.9,"[42.0, 52.0, 58.0, 62.0, 66.0, 69.0, 72.0, 77.0, 83.0]","[0.6, 0.72, 0.8, 0.9, 0.96, 1.0, 1.02, 1.05, 1.15]"
E07000188,63,0.92,"[43.0, 53.0, 58.0, 63.0, 66.0, 69.0, 72.0, 77.0, 82.0]","[0.68, 0.76, 0.86, 0.93, 0.97, 1.0, 1.02, 1.05, 1.13]"
E07000189,63,0.92,"[42.0, 52.0, 58.0, 62.0, 66.0, 69.0, 72.0, 76.0, 81.0]","[0.65, 0.75, 0.85, 0.94, 0.97, 1.0, 1.02, 1.05, 1.12]"
E07000192,64,0.91,"[48.0, 55.0, 59.0, 63.0, 66.0, 68.0, 71.0, 76.0, 83.0]","[0.64, 0.74, 0.82, 0.9, 0.95, 0.99, 1.01, 1.05, 1.14]"
E07000193,63,0.9,"[43.0, 52.0, 58.0, 62.0, 65.0, 69.0, 72.0, 77.0, 83.0]","[0.59, 0.73, 0.78, 0.9, 0.96, 1.0, 1.02, 1.05, 1.15]"
E07000194,64,0.92,"[46.0, 55.0, 59.0, 63.0, 66.0, 69.0, 72.0, 76.0, 83.0]","[0.67, 0.77, 0.86, 0.93, 0.96, 1.0, 1.02, 1.05, 1.14]"
E07000195,63,0.89,"[46.0, 54.0, 58.0, 62.0, 65.0, 68.0, 70.0, 73.0, 81.0]","[0.62, 0.74, 0.8, 0.89, 0.95, 0.98, 1.01, 1.03, 1.07]"
E07000196,63,0.91,"[45.0, 53.0, 58.0, 62.0, 65.0, 68.0, 70.0, 73.80000000000291, 81.0]","[0.67, 0.76, 0.84, 0.9, 0.95, 0.98, 1.01, 1.03, 1.08]"
E07000197,64,0.92,"[45.0, 54.0, 59.0, 63.0, 66.0, 69.0, 72.0, 77.0, 83.0]","[0.66, 0.75, 0.83, 0.93, 0.97, 1.0, 1.02, 1.05, 1.15]"
E07000198,59,0.87,"[39.0, 49.0, 55.0, 59.0, 63.0, 65.0, 68.0, 71.0, 77.0]","[0.59, 0.71, 0.78, 0.86, 0.93, 0.98, 1.01, 1.03, 1.05]"
E07000199,65,0.91,"[50.0, 57.0, 61.0, 64.0, 67.0, 69.0, 72.0, 75.0, 83.0]","[0.68, 0.76, 0.84, 0.91, 0.96, 0.99, 1.01, 1.04, 1.08]"
E07000200,62,0.91,"[41.0, 51.0, 57.0, 61.0, 65.0, 68.0, 71.0, 76.0, 82.0]","[0.63, 0.74, 0.84, 0.93, 0.96, 1.0, 1.02, 1.05, 1.14]"
E07000202,64,0.87,"[47.0, 55.0, 60.0, 63.0, 66.0, 69.0, 72.0, 76.0, 80.0]","[0.6, 0.7, 0.76, 0.85, 0.94, 0.97, 1.0, 1.02, 1.05]"
E07000203,63,0.94,"[40.0, 51.0, 57.0, 62.0, 66.0, 70.0, 74.0, 79.0, 83.0]","[0.65, 0.77, 0.9, 0.96, 1.0, 1.02, 1.05, 1.08, 1.17]"
E07000207,63,0.85,"[45.0, 53.0, 58.0, 62.0, 66.0, 69.0, 72.0, 76.0, 81.0]","[0.58, 0.68, 0.74, 0.81, 0.88, 0.96, 0.99, 1.02, 1.07]"
E07000208,63,0.85,"[46.0, 53.0, 58.0, 61.0, 65.0, 69.0, 72.0, 76.0, 82.0]","[0.58, 0.68, 0.74, 0.79, 0.85, 0.93, 0.99, 1.03, 1.08]"
E07000209,63,0.87,"[45.0, 53.0, 58.0, 62.0, 65.0, 68.0, 71.0, 75.0, 81.0]","[0.6, 0.7, 0.78, 0.84, 0.9, 0.96, 0.99, 1.02, 1.06]"
E07000210,61,0.86,"[42.0, 51.0, 56.0, 60.0, 63.0, 67.0, 70.0, 74.0, 80.0]","[0.58, 0.69, 0.77, 0.83, 0.89, 0.95, 0.99, 1.02, 1.06]"
E07000211,65,0.89,"[47.0, 55.0, 60.0, 64.0, 68.0, 71.0, 74.0, 78.0, 83.0]","[0.62, 0.73, 0.81, 0.88, 0.95, 0.97, 1.01, 1.04, 1.09]"
E07000212,64,0.87,"[46.0, 54.0, 59.0, 63.0, 66.0, 70.0, 73.0, 78.0, 83.0]","[0.6, 0.7, 0.78, 0.85, 0.93, 0.97, 1.0, 1.04, 1.09]"
E07000213,64,0.85,"[47.0, 55.0, 59.0, 62.0, 65.0, 68.0, 71.0, 75.0, 81.0]","[0.6, 0.69, 0.75, 0.81, 0.86, 0.95, 0.98, 1.01, 1.05]"
E07000214,64,0.9,"[49.0, 56.0, 60.0, 63.0, 66.0, 69.0, 71.0, 75.0, 81.0]","[0.67, 0.76, 0.83, 0.9, 0.95, 0.98, 1.0, 1.03, 1.07]"
E07000215,63,0.87,"[43.0, 52.0, 57.0, 62.0, 65.0, 69.0, 72.0, 77.0, 83.0]","[0.59, 0.7, 0.79, 0.84, 0.91, 0.96, 1.0, 1.04, 1.09]"
E07000216,63,0.88,"[44.0, 52.0, 57.0, 61.0, 65.0, 68.0, 71.0, 75.0, 82.0]","[0.6, 0.71, 0.79, 0.85, 0.92, 0.96, 1.0, 1.04, 1.09]"
E07000217,65,0.89,"[49.0, 57.0, 61.0, 65.0, 67.0, 70.0, 73.0, 76.0, 82.0]","[0.66, 0.75, 0.81, 0.89, 0.94, 0.97, 1.0, 1.02, 1.05]"
E07000218,62,0.88,"[43.0, 52.0, 57.0, 61.0, 64.0, 68.0, 71.0, 75.0, 83.0]","[0.58, 0.7, 0.76, 0.84, 0.93, 0.98, 1.01, 1.05, 1.17]"
E07000219,63,0.88,"[47.0, 54.0, 58.0, 62.0, 65.0, 67.0, 71.0, 75.0, 82.0]","[0.61, 0.72, 0.76, 0.86, 0.95, 0.98, 1.01, 1.04, 1.09]"
E07000220,66,0.92,"[48.0, 56.0, 61.0, 65.0, 68.0, 71.0, 75.0, 80.0, 84.0]","[0.64, 0.73, 0.8, 0.92, 0.97, 1.01, 1.04, 1.08, 1.18]"
E07000221,64,0.93,"[42.0, 53.0, 59.0, 64.0, 67.0, 70.0, 74.0, 78.0, 84.0]","[0.65, 0.76, 0.88, 0.95, 0.98, 1.01, 1.03, 1.06, 1.17]"
E07000222,64,0.89,"[46.0, 55.0, 60.0, 64.0, 67.0, 69.0, 72.0, 77.0, 83.0]","[0.59, 0.71, 0.79, 0.89, 0.95, 0.98, 1.01, 1.04, 1.12]"
E07000223,63,0.87,"[47.0, 54.0, 59.0, 62.0, 65.0, 67.0, 70.0, 73.0, 79.0]","[0.62, 0.73, 0.8, 0.83, 0.88, 0.94, 0.96, 1.0, 1.04]"
E07000224,64,0.9,"[46.0, 54.0, 59.0, 63.0, 66.0, 69.0, 72.0, 76.0, 83.0]","[0.65, 0.75, 0.81, 0.88, 0.94, 0.97, 1.01, 1.04, 1.13]"
E07000225,62,0.9,"[40.0, 50.0, 57.0, 62.0, 66.0, 69.0, 72.0, 77.0, 83.0]","[0.61, 0.74, 0.8219999999999891, 0.9, 0.96, 0.99, 1.02, 1.05, 1.15]"
E07000226,67,0.92,"[55.0, 61.0, 64.0, 67.0, 69.0, 71.0, 73.0, 76.0, 81.0]","[0.72, 0.81, 0.87, 0.93, 0.96, 0.97, 1.0, 1.02, 1.05]"
E07000227,64,0.93,"[44.0, 54.0, 59.0, 63.0, 67.0, 70.0, 73.0, 79.0, 84.0]","[0.67, 0.79, 0.86, 0.93, 0.96, 1.0, 1.02, 1.06, 1.17]"
E07000228,66,0.92,"[47.0, 56.0, 61.0, 65.0, 68.0, 71.0, 75.0, 80.0, 84.0]","[0.68, 0.78, 0.84, 0.91, 0.96, 0.99, 1.02, 1.06, 1.16]"
E07000229,61,0.84,"[44.0, 52.0, 57.0, 60.0, 64.0, 66.0, 69.0, 73.0, 78.0]","[0.59, 0.69, 0.76, 0.81, 0.85, 0.9, 0.96, 1.0, 1.04]"
E07000234,63,0.9,"[45.0, 53.0, 58.0, 62.0, 65.0, 68.0, 71.0, 76.0, 83.0]","[0.62, 0.73, 0.8, 0.88, 0.95, 0.99, 1.01, 1.05, 1.14]"
E07000235,61,0.88,"[38.0, 47.0, 54.0, 59.0, 64.0, 68.0, 71.0, 76.0, 83.0]","[0.58, 0.7, 0.78, 0.88, 0.95, 0.98, 1.01, 1.04, 1.14]"
E07000236,65,0.9,"[50.0, 57.0, 61.0, 65.0, 67.0, 69.0, 72.0, 74.0, 79.0]","[0.68, 0.77, 0.85, 0.9, 0.96, 0.99, 1.01, 1.03, 1.05]"
E07000237,63,0.87,"[46.0, 54.0, 59.0, 62.0, 65.0, 68.0, 71.0, 74.0, 80.0]","[0.58, 0.7, 0.76, 0.86, 0.94, 0.97, 1.0, 1.02, 1.05]"
E07000238,65,0.93,"[44.0, 54.0, 59.0, 64.0, 67.0, 70.0, 74.0, 81.0, 84.0]","[0.66, 0.76, 0.87, 0.95, 0.98, 1.01, 1.04, 1.09, 1.18]"
E07000239,61,0.86,"[43.0, 52.0, 56.0, 60.0, 64.0, 67.0, 70.0, 73.0, 79.0]","[0.58, 0.7, 0.76, 0.84, 0.92, 0.96, 1.0, 1.02, 1.06]"
E07000240,64,0.86,"[48.0, 55.0, 60.0, 63.0, 66.0, 69.0, 72.0, 75.0, 80.0]","[0.59, 0.69, 0.76, 0.83, 0.9, 0.96, 0.99, 1.02, 1.06]"
E07000241,67,0.91,"[52.0, 59.0, 63.0, 66.0, 69.0, 71.0, 74.0, 77.0, 82.0]","[0.68, 0.78, 0.86, 0.93, 0.96, 0.99, 1.01, 1.04, 1.06]"
E07000242,65,0.9,"[46.0, 55.0, 60.0, 64.0, 67.0, 70.0, 73.0, 78.0, 83.0]","[0.62, 0.74, 0.82, 0.9, 0.96, 0.99, 1.02, 1.05, 1.13]"
E07000243,66,0.9,"[54.0, 59.0, 63.0, 66.0, 68.0, 70.0, 72.0, 74.0, 79.0]","[0.69, 0.75, 0.82, 0.89, 0.95, 0.97, 1.01, 1.02, 1.05]"
E07000244,62,0.88,"[42.0, 51.0, 57.0, 61.0, 64.0, 67.0, 70.0, 74.0, 80.0]","[0.6, 0.71, 0.78, 0.87, 0.95, 0.98, 1.01, 1.04, 1.08]"
E07000245,64,0.92,"[44.0, 54.0, 59.0, 63.0, 66.0, 70.0, 73.0, 77.0, 83.0]","[0.67, 0.77, 0.87, 0.95, 0.98, 1.01, 1.03, 1.05, 1.11]"
E07000246,62,0.9,"[40.0, 51.0, 57.0, 62.0, 66.0, 69.0, 72.0, 77.0, 83.0]","[0.61, 0.72, 0.81, 0.9, 0.96, 1.0, 1.02, 1.05, 1.13]"
E08000001,63,0.88,"[48.0, 55.0, 60.0, 63.0, 66.0, 68.0, 70.0, 73.0, 78.0]","[0.6, 0.73, 0.8, 0.87, 0.95, 0.97, 1.0, 1.02, 1.05]"
E08000002,62,0.85,"[47.0, 54.0, 58.0, 61.0, 64.0, 67.0, 69.0, 72.0, 76.0]","[0.59, 0.69, 0.75, 0.83, 0.89, 0.95, 0.99, 1.01, 1.04]"
E08000003,66,0.88,"[50.0, 57.0, 61.0, 65.0, 68.0, 71.0, 74.0, 77.0, 82.0]","[0.59, 0.72, 0.8, 0.88, 0.95, 0.98, 1.0, 1.03, 1.05]"
E08000004,63,0.85,"[47.0, 54.0, 58.0, 62.0, 65.0, 67.0, 70.0, 72.0, 77.0]","[0.58, 0.68, 0.74, 0.81, 0.87, 0.95, 0.98, 1.01, 1.05]"
E08000005,64,0.88,"[48.0, 56.0, 60.0, 63.0, 66.0, 69.0, 71.0, 74.0, 80.0]","[0.6, 0.73, 0.79, 0.86, 0.93, 0.97, 1.0, 1.03, 1.07]"
E08000006,68,0.92,"[52.0, 60.0, 65.0, 68.0, 71.0, 73.0, 76.0, 79.0, 83.0]","[0.68, 0.78, 0.87, 0.95, 0.98, 1.0, 1.02, 1.05, 1.07]"
E08000007,62,0.86,"[46.0, 53.0, 57.0, 61.0, 64.0, 67.0, 69.0, 72.0, 78.0]","[0.6, 0.71, 0.78, 0.84, 0.89, 0.95, 0.99, 1.01, 1.05]"
E08000008,64,0.88,"[49.0, 56.0, 61.0, 64.0, 66.0, 69.0, 71.0, 73.0, 78.0]","[0.6, 0.72, 0.8, 0.87, 0.94, 0.97, 1.01, 1.03, 1.05]"
E08000009,62,0.85,"[46.0, 54.0, 58.0, 61.0, 64.0, 67.0, 70.0, 73.0, 79.0]","[0.59, 0.7, 0.77, 0.83, 0.88, 0.95, 0.99, 1.01, 1.05]"
E08000010,64,0.89,"[48.0, 55.0, 59.0, 63.0, 66.0, 68.0, 70.0, 74.0, 81.0]","[0.61, 0.74, 0.81, 0.88, 0.95, 0.99, 1.01, 1.04, 1.08]"
E08000011,67,0.93,"[52.0, 59.0, 64.0, 67.0, 69.0, 71.0, 73.0, 76.0, 82.0]","[0.71, 0.78, 0.88, 0.95, 0.98, 1.0, 1.02, 1.05, 1.1]"
E08000012,63,0.83,"[45.0, 54.0, 59.0, 63.0, 66.0, 69.0, 72.0, 75.0, 81.0]","[0.51, 0.66, 0.73, 0.77, 0.85, 0.95, 0.99, 1.02, 1.05]"
E08000013,64,0.9,"[48.0, 55.0, 60.0, 63.0, 66.0, 68.0, 71.0, 74.0, 81.0]","[0.62, 0.74, 0.81, 0.88, 0.95, 0.99, 1.01, 1.04, 1.08]"
E08000014,61,0.84,"[43.0, 51.0, 56.0, 60.0, 64.0, 67.0, 70.0, 73.0, 78.0]","[0.58, 0.69, 0.75, 0.8, 0.87, 0.94, 0.98, 1.01, 1.05]"
E08000015,61,0.83,"[45.0, 52.0, 57.0, 61.0, 64.0, 67.0, 69.0, 72.0, 77.0]","[0.52, 0.68, 0.73, 0.77, 0.83, 0.92, 0.98, 1.01, 1.05]"
E08000016,64,0.89,"[48.0, 55.0, 60.0, 63.0, 66.0, 68.0, 71.0, 75.0, 82.0]","[0.56, 0.72, 0.78, 0.9, 0.96, 1.0, 1.02, 1.05, 1.11]"
E08000017,62,0.87,"[45.0, 53.0, 58.0, 61.0, 64.0, 67.0, 70.0, 73.0, 80.0]","[0.57, 0.71, 0.76, 0.85, 0.95, 0.99, 1.01, 1.04, 1.08]"
E08000018,64,0.9,"[48.0, 55.0, 60.0, 63.0, 66.0, 68.0, 71.0, 74.0, 80.0]","[0.62, 0.74, 0.81, 0.9, 0.96, 0.99, 1.01, 1.04, 1.08]"
E08000019,63,0.86,"[46.0, 54.0, 59.0, 63.0, 66.0, 69.0, 71.0, 75.0, 80.0]","[0.49, 0.69, 0.76, 0.86, 0.95, 0.98, 1.0, 1.03, 1.05]"
E08000021,65,0.87,"[51.0, 57.0, 61.0, 64.0, 67.0, 69.0, 72.0, 75.0, 82.0]","[0.6, 0.71, 0.77, 0.84, 0.9, 0.96, 1.0, 1.03, 1.07]"
E08000022,66,0.91,"[52.0, 58.0, 62.0, 65.0, 68.0, 70.0, 72.0, 75.0, 81.0]","[0.67, 0.75, 0.84, 0.92, 0.96, 1.0, 1.01, 1.04, 1.07]"
E08000023,65,0.9,"[52.0, 58.0, 62.0, 65.0, 67.0, 69.0, 71.0, 73.0, 79.0]","[0.69, 0.76, 0.85, 0.9, 0.95, 0.98, 1.01, 1.03, 1.05]"
E08000024,65,0.91,"[51.0, 58.0, 62.0, 65.0, 67.0, 69.0, 71.0, 75.0, 80.0]","[0.69, 0.77, 0.86, 0.91, 0.96, 0.98, 1.01, 1.04, 1.06]"
E08000025,61,0.8,"[44.0, 52.0, 56.0, 60.0, 63.0, 66.0, 69.0, 73.0, 79.0]","[0.48, 0.61, 0.7, 0.74, 0.8, 0.88, 0.96, 1.0, 1.04]"
E08000026,63,0.81,"[47.0, 54.0, 58.0, 62.0, 64.0, 67.0, 70.0, 74.0, 80.0]","[0.49, 0.65, 0.71, 0.75, 0.78, 0.88, 0.96, 1.01, 1.05]"
E08000027,62,0.87,"[45.0, 53.0, 57.0, 61.0, 64.0, 67.0, 69.0, 72.0, 78.0]","[0.6, 0.71, 0.77, 0.85, 0.91, 0.96, 0.99, 1.02, 1.05]"
E08000028,62,0.85,"[46.0, 53.0, 58.0, 61.0, 64.0, 68.0, 70.0, 74.0, 79.0]","[0.55, 0.69, 0.74, 0.8, 0.88, 0.95, 0.99, 1.02, 1.05]"
E08000029,64,0.88,"[47.0, 54.0, 59.0, 62.0, 66.0, 68.0, 71.0, 75.0, 82.0]","[0.62, 0.72, 0.78, 0.85, 0.91, 0.96, 1.0, 1.02, 1.07]"
E08000030,63,0.87,"[47.0, 54.0, 58.0, 62.0, 65.0, 68.0, 70.0, 73.0, 79.0]","[0.59, 0.71, 0.78, 0.86, 0.92, 0.96, 1.0, 1.02, 1.05]"
E08000031,62,0.86,"[45.0, 53.0, 57.0, 61.0, 64.0, 68.0, 70.0, 74.0, 79.0]","[0.57, 0.69, 0.75, 0.81, 0.9, 0.96, 0.99, 1.02, 1.06]"
E08000032,59,0.79,"[43.0, 50.0, 54.0, 58.0, 61.0, 65.0, 68.0, 71.0, 77.0]","[0.47, 0.51, 0.65, 0.74, 0.8, 0.89, 0.96, 1.01, 1.05]"
E08000033,59,0.79,"[42.0, 50.0, 54.0, 58.0, 62.0, 65.0, 68.0, 72.0, 77.0]","[0.47, 0.51, 0.66, 0.74, 0.8, 0.89, 0.96, 1.01, 1.04]"
E08000034,62,0.85,"[45.0, 53.0, 58.0, 61.0, 64.0, 67.0, 70.0, 73.0, 79.0]","[0.51, 0.69, 0.74, 0.8, 0.9, 0.96, 1.01, 1.03, 1.06]"
E08000035,63,0.83,"[46.0, 53.0, 58.0, 61.0, 65.0, 68.0, 71.0, 74.0, 80.0]","[0.48, 0.62, 0.73, 0.79, 0.88, 0.96, 0.99, 1.02, 1.05]"
E08000036,65,0.91,"[51.0, 58.0, 62.0, 65.0, 66.0, 68.0, 70.0, 74.0, 81.0]","[0.67, 0.76, 0.85, 0.93, 0.97, 0.99, 1.01, 1.04, 1.1]"
E08000037,65,0.88,"[51.0, 57.0, 61.0, 64.0, 67.0, 69.0, 71.0, 74.0, 78.0]","[0.62, 0.72, 0.78, 0.86, 0.94, 0.98, 1.01, 1.04, 1.05]"
E09000001,69,0.85,"[50.0, 60.0, 65.0, 70.0, 73.0, 76.0, 79.0, 81.0, 84.0]","[0.59, 0.68, 0.72, 0.84, 0.93, 0.96, 0.98, 1.0, 1.05]"
E09000002,66,0.82,"[52.0, 57.0, 61.0, 63.0, 66.0, 69.0, 72.0, 78.0, 84.0]","[0.52, 0.66, 0.7, 0.75, 0.81, 0.88, 0.97, 1.02, 1.05]"
E09000003,65,0.8,"[48.0, 55.0, 60.0, 63.0, 67.0, 70.0, 73.0, 77.0, 83.0]","[0.49, 0.61, 0.69, 0.73, 0.79, 0.87, 0.97, 1.01, 1.05]"
E09000004,63,0.81,"[48.0, 55.0, 59.0, 62.0, 65.0, 68.0, 71.0, 74.0, 79.0]","[0.56, 0.67, 0.7, 0.75, 0.81, 0.87, 0.96, 0.99, 1.04]"
E09000005,67,0.8,"[51.0, 57.0, 61.0, 65.0, 68.0, 71.0, 75.0, 81.0, 85.0]","[0.49, 0.6, 0.69, 0.71, 0.76, 0.85, 0.97, 1.04, 1.05]"
E09000006,63,0.8,"[46.0, 53.0, 58.0, 61.0, 64.0, 67.0, 71.0, 74.0, 79.0]","[0.51, 0.63, 0.7, 0.74, 0.8, 0.86, 0.95, 0.99, 1.04]"
E09000007,66,0.73,"[50.0, 58.0, 62.0, 65.0, 68.0, 71.0, 73.0, 76.0, 81.0]","[0.48, 0.58, 0.6, 0.65, 0.7, 0.73, 0.82, 0.96, 1.02]"
E09000008,64,0.8,"[47.0, 54.0, 58.0, 62.0, 65.0, 68.0, 72.0, 76.0, 82.0]","[0.49, 0.61, 0.69, 0.73, 0.79, 0.86, 0.96, 1.0, 1.05]"
E09000009,65,0.79,"[50.0, 56.0, 60.0, 64.0, 67.0, 70.0, 73.0, 78.0, 84.0]","[0.49, 0.6, 0.68, 0.71, 0.76, 0.82, 0.95, 1.01, 1.05]"
E09000010,62,0.77,"[46.0, 54.0, 58.0, 61.0, 64.0, 67.0, 70.0, 73.0, 78.0]","[0.48, 0.59, 0.68, 0.71, 0.75, 0.81, 0.88, 0.96, 1.02]"
E09000011,69,0.84,"[52.0, 59.0, 63.0, 67.0, 70.0, 74.0, 78.0, 82.0, 85.0]","[0.53, 0.66, 0.71, 0.78, 0.89, 0.97, 1.0, 1.04, 1.06]"
E09000012,69,0.8,"[54.0, 60.0, 65.0, 68.0, 71.0, 74.0, 77.0, 80.0, 84.0]","[0.5, 0.6, 0.68, 0.71, 0.78, 0.89, 0.98, 1.02, 1.05]"
E09000013,66,0.72,"[51.0, 58.0, 62.0, 65.0, 68.0, 70.0, 73.0, 76.0, 81.0]","[0.46, 0.56, 0.6, 0.65, 0.7, 0.72, 0.81, 0.96, 1.05]"
E09000014,64,0.74,"[49.0, 56.0, 60.0, 63.0, 66.0, 69.0, 72.0, 75.0, 81.0]","[0.48, 0.57, 0.61, 0.69, 0.71, 0.76, 0.83, 0.97, 1.04]"
E09000015,64,0.79,"[47.0, 54.0, 59.0, 62.0, 65.0, 68.0, 71.0, 76.0, 82.0]","[0.49, 0.62, 0.69, 0.72, 0.77, 0.83, 0.95, 1.0, 1.05]"
E09000016,63,0.81,"[46.0, 53.0, 58.0, 61.0, 64.0, 67.0, 70.0, 75.0, 82.0]","[0.52, 0.66, 0.7, 0.74, 0.78, 0.86, 0.96, 1.0, 1.05]"
E09000017,64,0.84,"[49.0, 55.0, 60.0, 63.0, 66.0, 69.0, 72.0, 75.0, 82.0]","[0.59, 0.69, 0.74, 0.79, 0.85, 0.93, 0.97, 1.01, 1.05]"
E09000018,66,0.82,"[50.0, 57.0, 61.0, 65.0, 68.0, 71.0, 74.0, 78.0, 83.0]","[0.5, 0.64, 0.7, 0.76, 0.83, 0.94, 0.99, 1.02, 1.05]"
E09000019,68,0.77,"[54.0, 60.0, 64.0, 67.0, 70.0, 72.0, 75.0, 79.0, 82.0]","[0.49, 0.59, 0.63, 0.7, 0.73, 0.82, 0.96, 1.0, 1.05]"
E09000020,64,0.68,"[47.0, 55.0, 60.0, 64.0, 67.0, 69.0, 72.0, 74.0, 78.0]","[0.44, 0.56, 0.59, 0.6, 0.64, 0.69, 0.72, 0.82, 0.97]"
E09000021,62,0.78,"[45.0, 52.0, 57.0, 61.0, 64.0, 68.0, 71.0, 74.0, 79.0]","[0.49, 0.6, 0.68, 0.72, 0.77, 0.83, 0.92, 0.97, 1.03]"
E09000022,66,0.75,"[50.0, 57.0, 61.0, 65.0, 68.0, 70.0, 73.0, 77.0, 82.0]","[0.48, 0.58, 0.61, 0.69, 0.71, 0.77, 0.87, 0.99, 1.05]"
E09000023,65,0.78,"[50.0, 57.0, 61.0, 64.0, 67.0, 70.0, 73.0, 77.0, 82.0]","[0.49, 0.59, 0.66, 0.7, 0.75, 0.82, 0.95, 1.0, 1.05]"
E09000024,64,0.77,"[48.0, 55.0, 59.0, 63.0, 66.0, 69.0, 71.0, 74.0, 79.0]","[0.48, 0.59, 0.68, 0.7, 0.75, 0.81, 0.92, 0.99, 1.05]"
E09000025,68,0.81,"[53.0, 58.0, 62.0, 65.0, 69.0, 72.0, 77.0, 82.0, 84.0]","[0.48, 0.6, 0.69, 0.74, 0.82, 0.95, 1.0, 1.03, 1.05]"
E09000026,63,0.76,"[47.0, 54.0, 58.0, 61.0, 64.0, 67.0, 70.0, 74.0, 79.0]","[0.48, 0.59, 0.68, 0.7, 0.74, 0.79, 0.89, 0.97, 1.02]"
E09000027,62,0.74,"[45.0, 52.0, 57.0, 61.0, 64.0, 67.0, 70.0, 73.0, 78.0]","[0.48, 0.57, 0.62, 0.69, 0.72, 0.78, 0.86, 0.96, 1.02]"
E09000028,68,0.82,"[53.0, 59.0, 64.0, 68.0, 71.0, 74.0, 77.0, 80.0, 84.0]","[0.51, 0.61, 0.7, 0.74, 0.84, 0.96, 0.98, 1.02, 1.05]"
E09000029,64,0.82,"[46.0, 54.0, 59.0, 62.0, 66.0, 69.0, 72.0, 75.0, 81.0]","[0.54, 0.67, 0.71, 0.76, 0.82, 0.9, 0.96, 1.0, 1.05]"
E09000030,73,0.9,"[59.0, 65.0, 70.0, 73.0, 76.0, 79.0, 82.0, 84.0, 85.0]","[0.61, 0.71, 0.83, 0.96, 0.97, 1.0, 1.02, 1.05, 1.06]"
E09000031,64,0.76,"[49.0, 56.0, 60.0, 63.0, 66.0, 69.0, 71.0, 76.0, 83.0]","[0.48, 0.58, 0.67, 0.7, 0.73, 0.78, 0.9, 0.99, 1.05]"
E09000032,66,0.76,"[51.0, 57.0, 62.0, 65.0, 68.0, 71.0, 74.0, 78.0, 83.0]","[0.48, 0.58, 0.63, 0.69, 0.72, 0.81, 0.93, 1.0, 1.05]"
E09000033,66,0.72,"[50.0, 58.0, 63.0, 66.0, 69.0, 72.0, 74.0, 77.0, 82.0]","[0.49, 0.59, 0.6, 0.64, 0.7, 0.72, 0.82, 0.96, 1.01]"
W06000001,55,0.87,"[27.0, 40.0, 48.0, 54.0, 59.0, 64.0, 68.0, 71.0, 77.0]","[0.56, 0.7, 0.76, 0.86, 0.94, 0.99, 1.01, 1.04, 1.07]"
W06000002,52,0.79,"[23.0, 35.0, 43.0, 50.0, 56.0, 61.0, 65.0, 70.0, 75.0]","[0.46, 0.59, 0.68, 0.73, 0.79, 0.88, 0.9679999999999926, 1.01, 1.05]"
W06000003,58,0.84,"[36.0, 47.0, 54.0, 58.0, 62.0, 65.0, 68.0, 72.0, 77.0]","[0.55, 0.67, 0.72, 0.79, 0.86, 0.95, 0.99, 1.01, 1.05]"
W06000004,57,0.84,"[35.0, 45.0, 52.0, 57.0, 61.0, 64.0, 67.0, 71.0, 76.0]","[0.54, 0.67, 0.74, 0.79, 0.86, 0.94, 0.98, 1.01, 1.05]"
W06000005,62,0.9,"[41.0, 52.0, 57.0, 62.0, 65.0, 68.0, 70.0, 74.0, 82.0]","[0.64, 0.74, 0.82, 0.9, 0.96, 1.0, 1.01, 1.04, 1.09]"
W06000006,63,0.9,"[44.0, 53.0, 59.0, 63.0, 66.0, 69.0, 71.0, 74.0, 79.0]","[0.66, 0.74, 0.83, 0.94, 0.97, 1.0, 1.02, 1.04, 1.06]"
W06000008,53,0.84,"[25.0, 37.0, 44.0, 51.0, 56.0, 61.0, 66.0, 70.0, 77.0]","[0.52, 0.65, 0.72, 0.78, 0.88, 0.95, 1.0, 1.03, 1.06]"
W06000009,58,0.86,"[33.0, 44.0, 52.0, 57.0, 62.0, 66.0, 69.0, 73.0, 79.0]","[0.58, 0.69, 0.75, 0.83, 0.9, 0.96, 1.0, 1.04, 1.08]"
W06000010,56,0.84,"[31.0, 42.0, 49.0, 55.0, 59.0, 64.0, 68.0, 72.0, 79.0]","[0.54, 0.67, 0.73, 0.77, 0.86, 0.95, 1.0, 1.04, 1.08]"
W06000011,62,0.86,"[44.0, 52.0, 57.0, 61.0, 64.0, 67.0, 70.0, 74.0, 79.0]","[0.58, 0.69, 0.75, 0.81, 0.89, 0.96, 1.0, 1.02, 1.05]"
W06000012,62,0.87,"[44.0, 53.0, 58.0, 61.0, 64.0, 67.0, 70.0, 73.0, 76.0]","[0.61, 0.72, 0.76, 0.84, 0.91, 0.97, 1.0, 1.02, 1.05]"
W06000013,64,0.88,"[46.0, 54.0, 59.0, 62.0, 66.0, 69.0, 72.0, 75.0, 82.0]","[0.6, 0.72, 0.77, 0.85, 0.94, 0.99, 1.01, 1.05, 1.1]"
W06000014,64,0.89,"[47.0, 55.0, 60.0, 63.0, 66.0, 69.0, 72.0, 76.0, 83.0]","[0.6, 0.72, 0.78, 0.86, 0.94, 0.98, 1.01, 1.05, 1.14]"
W06000015,65,0.86,"[50.0, 56.0, 61.0, 64.0, 67.0, 70.0, 72.0, 75.0, 80.0]","[0.59, 0.7, 0.76, 0.83, 0.9, 0.96, 1.0, 1.02, 1.05]"
W06000016,61,0.8,"[45.0, 52.0, 56.0, 60.0, 63.0, 66.0, 69.0, 72.0, 77.0]","[0.48, 0.63, 0.7, 0.74, 0.77, 0.85, 0.95, 1.01, 1.05]"
W06000018,63,0.85,"[47.0, 54.0, 59.0, 62.0, 65.0, 68.0, 71.0, 73.0, 77.0]","[0.58, 0.69, 0.74, 0.78, 0.87, 0.95, 0.99, 1.02, 1.05]"
W06000019,61,0.78,"[45.0, 52.0, 56.0, 60.0, 63.0, 65.0, 68.0, 72.0, 76.0]","[0.48, 0.6, 0.69, 0.74, 0.76, 0.82, 0.94, 1.0, 1.03]"
W06000020,65,0.89,"[50.0, 57.0, 61.0, 65.0, 67.0, 70.0, 72.0, 75.0, 81.0]","[0.62, 0.73, 0.78, 0.87, 0.95, 0.99, 1.01, 1.04, 1.08]"
W06000021,63,0.9,"[42.0, 52.0, 58.0, 63.0, 66.0, 70.0, 73.0, 77.0, 83.0]","[0.62, 0.73, 0.81, 0.9, 0.96, 1.0, 1.02, 1.05, 1.11]"
W06000022,66,0.89,"[50.0, 56.0, 61.0, 64.0, 67.0, 70.0, 73.0, 77.0, 83.0]","[0.61, 0.72, 0.78, 0.86, 0.92, 0.98, 1.01, 1.05, 1.13]"
W06000023,56,0.85,"[29.0, 41.0, 49.0, 56.0, 60.0, 64.0, 68.0, 72.0, 76.0]","[0.52, 0.66, 0.74, 0.82, 0.92, 0.98, 1.01, 1.03, 1.06]"
W06000024,63,0.84,"[48.0, 55.0, 60.0, 63.0, 66.0, 68.0, 71.0, 73.0, 77.0]","[0.53, 0.69, 0.74, 0.77, 0.86, 0.93, 0.99, 1.02, 1.05]"
