OUTCODE,ONS
CA7,E07000026
BS27,E07000188
CO4,E07000071
E13,E09000025
EX17,E07000042
SW20,E09000024
IP4,E07000202
DA13,E07000109
BA5,E07000187
SO31,E07000087
E16,E09000025
DA16,E09000004
S80,E07000033
SE13,E09000023
LU1,E06000032
HA2,E09000015
CM18,E07000073
CO6,E07000200
HA8,E09000003
GU26,E07000216
W5,E09000009
RH4,E07000210
NW9,E09000003
BA4,E07000187
WD17,E07000103
GU22,E07000217
DA7,E09000004
EX4,E07000041
EN5,E09000003
HA9,E09000005
BN16,E07000224
E15,E09000025
M25,E08000002
TA10,E07000189
TW15,E07000213
BA3,E07000187
CH60,E08000015
BN12,E07000224
EX2,E07000041
CA3,E07000028
CR3,E07000215
TA8,E07000188
BR2,E09000006
L20,E08000014
HA3,E09000005
CV23,E07000220
GU51,E07000089
BA11,E07000187
TQ9,E07000044
CR5,E09000008
E6,E09000025
RM1,E09000016
RG27,E07000089
TN24,E07000105
PO12,E07000088
CH45,E08000015
SW19,E09000024
CA25,E07000029
EX6,E07000045
GU1,E07000209
RH13,E07000227
TW8,E09000018
CB9,E07000067
CM1,E07000070
W7,E09000009
CR0,E09000008
EX5,E07000040
IP25,E07000143
PR8,E08000014
BS26,E07000188
DN10,E07000171
N20,E09000003
CA2,E07000028
TQ8,E07000044
GU20,E07000217
CO10,E07000200
RM5,E09000016
RG1,E06000038
PR9,E08000014
EN4,E09000010
CH49,E08000015
N14,E09000003
GU21,E07000217
NW4,E09000003
BR6,E09000006
CO5,E07000071
BA6,E07000187
CM0,E07000074
CT15,E07000108
UB6,E09000009
GU11,E07000092
NR1,E07000148
PO11,E07000090
TQ12,E07000045
EX9,E07000040
PE37,E07000143
CB2,E07000008
BL9,E08000002
IP1,E07000202
SW1P,E09000032
N11,E09000003
L31,E08000014
SO30,E07000086
CA12,E07000026
RH5,E07000210
PO17,E07000094
RM6,E09000026
SE12,E09000023
SE1,E09000022
TA9,E07000188
HA7,E09000015
IP2,E07000202
BR4,E09000006
CH43,E08000015
CT13,E07000108
IP7,E07000200
LU4,E06000032
TW18,E07000213
E7,E09000025
L30,E08000014
TW20,E07000212
NW7,E09000003
CO15,E07000076
NW3,E09000007
SW9,E09000022
PO9,E07000090
CT10,E07000114
BS28,E07000188
DY3,E08000027
CR9,E09000008
CA10,E07000030
EN1,E09000010
SW16,E09000022
ST18,E07000197
TQ3,E06000027
PO8,E07000090
TA6,E07000188
N5,E09000019
CA6,E07000028
EX1,E07000041
CA23,E07000029
W13,E09000009
GU3,E07000209
TA18,E07000189
UB7,E09000017
RH10,E07000226
TA15,E07000189
PO16,E07000087
IP3,E07000202
TA19,E07000189
B91,E08000029
TQ13,E07000045
KT24,E07000209
CA20,E07000029
SE11,E09000022
N18,E09000010
ME3,E07000109
DA14,E09000004
IP29,E07000200
BN11,E07000229
DA1,E07000107
CM3,E07000074
CH44,E08000015
SW15,E09000032
UB5,E09000009
CH41,E08000015
EN2,E09000010
CV21,E07000220
RH12,E07000227
NR4,E07000148
LA18,E07000029
OX26,E07000177
L23,E08000014
LN1,E07000138
NW6,E09000007
TA5,E07000188
IP30,E07000200
GU12,E07000209
KT10,E07000207
CM77,E07000067
WD18,E07000103
SW11,E09000032
PO10,E07000090
SW18,E09000032
CM17,E07000073
BA16,E07000187
DL1,E06000005
PO18,E07000225
CA9,E07000030
CV22,E07000220
B92,E08000029
BL8,E08000002
CH62,E08000015
SW4,E09000022
E20,E09000025
TN23,E07000105
SM4,E09000024
GU5,E07000209
CA17,E07000030
N15,E09000014
M45,E08000002
DA11,E07000107
CA4,E07000030
AL4,E07000240
CO13,E07000076
NR15,E07000149
CM9,E07000074
BA8,E07000189
CA13,E07000026
BR1,E09000006
GL56,E07000079
CA22,E07000029
L22,E08000014
GU15,E07000214
CO9,E07000067
CM2,E07000070
HA1,E09000015
CB3,E07000008
TW16,E07000213
WD19,E07000103
IP14,E07000203
E14,E09000030
RH11,E07000227
CA15,E07000026
BH24,E07000091
CA11,E07000030
SO53,E07000086
DA2,E07000107
PR4,E07000126
SM2,E09000029
NR2,E07000148
SW8,E09000022
SW1V,E09000032
PO7,E07000090
SW95,E09000032
OX1,E07000178
M5,E08000006
N19,E09000019
EX39,E07000046
IP28,E07000245
EX32,E07000043
NR25,E07000147
LL32,W06000003
SN4,E06000054
EX3,E07000041
CM22,E07000077
EX12,E07000040
BS25,E07000188
PO14,E07000087
NR7,E07000144
PO21,E07000224
TQ10,E07000044
CH63,E08000015
IG7,E09000026
CH47,E08000015
GU6,E07000216
E12,E09000025
NW2,E09000005
NR20,E07000143
KT22,E07000210
KT14,E07000217
GL5,E07000082
TA20,E07000189
DN22,E07000171
N21,E09000010
CM20,E07000073
SW2,E09000022
RM7,E09000016
CR2,E09000008
OX4,E07000178
L21,E08000014
CA28,E07000029
L14,E08000011
CR8,E09000008
BR5,E09000006
SW1X,E09000032
L37,E08000014
CV7,E07000220
DA15,E09000004
BR7,E09000006
BA21,E07000189
BN27,E07000065
SM1,E09000029
TN15,E07000111
N7,E09000019
DA5,E09000004
PO20,E07000224
NR13,E07000144
CB4,E07000008
EX34,E07000043
NR19,E07000143
DA8,E09000004
NR3,E07000148
SO41,E07000091
EN3,E09000010
GL11,E07000082
L28,E08000011
N9,E09000010
W12,E09000009
EX20,E07000047
NR5,E07000148
NR21,E07000147
RM3,E09000016
DA12,E07000109
EX10,E07000040
SO32,E07000086
KT15,E07000217
CA1,E07000028
SL3,E06000039
GU52,E07000089
GL2,E07000082
TN16,E09000006
BN20,E07000061
BN8,E07000063
EX31,E07000043
EX16,E07000042
BN43,E07000223
L36,E08000011
GU2,E07000209
PR6,E07000118
SN12,E06000054
RH7,E07000215
IP31,E07000245
B90,E08000029
TW3,E09000018
RH1,E07000215
BA22,E07000189
EX13,E07000040
CO7,E07000200
GU14,E07000092
SE10,E09000023
TA13,E07000189
GU29,E07000225
TN13,E07000111
TA7,E07000188
HA5,E09000015
GL4,E07000082
L3,E08000012
GU19,E07000214
N12,E09000003
SM3,E09000029
RH14,E07000227
CA14,E07000026
BH25,E07000091
TQ7,E07000044
TN30,E07000105
IP8,E07000200
KT11,E07000207
RH17,E07000228
CH42,E08000015
CM7,E07000067
DA9,E07000107
IP27,E07000245
GU9,E07000216
CO8,E07000067
PE32,E07000143
SW1A,E09000032
SE17,E09000028
BL0,E08000002
SM7,E09000029
W3,E09000009
KT6,E07000207
SO22,E07000094
UB2,E09000009
BN13,E07000229
IG8,E09000026
SO23,E07000094
B60,E07000234
CM8,E07000067
TA3,E07000246
RH8,E07000215
EX14,E07000040
GU17,E07000089
CO2,E07000071
TA4,E07000246
SW17,E09000032
IP9,E07000200
CT14,E07000108
CA5,E07000028
BR3,E09000006
CM19,E07000073
NW10,E09000005
NR11,E07000147
SE25,E09000008
KT19,E07000208
BR8,E07000111
GL3,E07000082
CA26,E07000029
OX10,E07000179
GU4,E07000209
SP9,E06000054
CH27,E08000015
OX7,E07000079
TQ1,E06000027
OX15,E07000177
NR16,E07000149
PL16,E07000047
IG1,E09000026
B93,E08000029
MK42,E06000055
GL10,E07000082
TA14,E07000189
SO21,E07000094
EX11,E07000040
LU2,E06000032
L10,E08000014
CO1,E07000071
LN2,E07000138
GL6,E07000082
N13,E09000010
IP18,E07000244
W4,E09000009
L38,E08000014
N2,E09000003
N8,E09000014
CT4,E07000105
FY8,E07000119
RM12,E09000016
CB11,E07000077
OX3,E07000178
BB12,E07000122
CA8,E07000028
GU23,E07000209
ME14,E07000110
SP11,E07000093
RG29,E07000089
BH19,E06000059
TQ6,E07000044
NR28,E07000147
NG22,E07000171
LU3,E06000032
CA19,E07000029
CO3,E07000071
NR8,E07000144
CA16,E07000030
AL3,E07000240
S44,E07000033
SE6,E09000023
KT18,E07000208
RM2,E09000016
N4,E09000019
GL7,E07000082
NE6,E08000021
PL21,E07000044
PR7,E07000118
DY8,E08000027
BA20,E07000189
GU10,E07000209
EX36,E07000043
SE14,E09000023
IP32,E07000245
BN25,E07000063
UB1,E09000009
NR10,E07000144
BA10,E07000189
WR11,E07000083
RM11,E09000016
ME15,E07000110
W2,E09000033
EX18,E07000042
RG2,E06000038
NG20,E07000171
RH19,E07000228
CA21,E07000029
ME5,E07000110
KT12,E07000207
KT8,E07000207
BN99,E07000229
DA4,E07000111
NP19,W06000022
PO15,E07000087
EX8,E07000040
CO14,E07000076
GU35,E07000085
LN6,E07000138
YO17,E07000167
BA2,E07000187
BB18,E07000122
GL52,E07000078
GU24,E07000217
EX7,E07000045
LE10,E07000220
TN25,E07000105
NR6,E07000148
BB5,E07000120
TQ2,E06000027
DA6,E09000004
CH48,E08000015
TN14,E07000111
RG40,E06000041
L29,E08000014
NR34,E07000149
CM24,E07000077
N3,E09000003
CA27,E07000029
SS5,E07000075
GL54,E07000079
SE3,E09000023
SS11,E07000070
SP10,E07000093
ST17,E07000197
SK17,E07000037
SE18,E09000011
L18,E08000012
PO13,E07000088
PL9,E07000044
SN25,E06000030
AL1,E07000240
CT16,E07000108
SG2,E07000243
DT4,E06000059
EX15,E07000040
DL3,E06000005
PO19,E07000225
CT12,E07000114
ME7,E07000110
DT6,E06000059
DA17,E09000004
ME8,E06000035
E3,E09000030
NR27,E07000147
CO11,E07000200
B97,E07000236
ME4,E06000035
BB11,E07000117
M50,E08000006
M26,E08000002
RH9,E07000215
SE15,E09000028
DH8,E06000057
TQ14,E07000045
CM6,E07000077
NR14,E07000149
GU18,E07000214
PE33,E07000143
CT3,E07000106
GU34,E07000085
ME13,E07000113
N10,E09000003
PL20,E07000047
NR33,E07000244
N6,E09000007
GU46,E07000089
SE9,E09000004
ME16,E07000110
GU8,E07000216
CT9,E07000114
SE23,E09000023
ME17,E07000110
NR9,E07000143
BN17,E07000224
DE11,E07000039
DD8,S12000041
RH2,E07000211
BN5,E07000227
SP2,E06000054
M24,E08000005
E10,E09000031
WF1,E08000036
BS16,E06000023
SO18,E06000045
BH15,E06000058
PE15,E07000010
KA11,S12000021
S36,E08000019
CH64,E06000050
BS3,E06000023
CF34,W06000013
BT37,N09000001
L25,E08000012
OX12,E07000180
BS31,E06000022
WA7,E06000006
BB9,E07000122
TN18,E07000116
TW5,E09000018
DY10,E07000239
CM16,E07000072
DY4,E08000028
SO40,E07000091
NE2,E08000021
NE66,E06000057
B14,E08000025
IP5,E07000244
WD5,E07000102
EX22,E07000046
NE23,E08000022
SO14,E06000045
G72,S12000029
LS11,E08000035
NN11,E06000062
SY7,E06000051
ST2,E06000021
HD6,E08000033
TR11,E06000052
DT11,E06000059
PE6,E07000141
HR4,E06000019
NE31,E08000023
HD9,E08000034
PE16,E07000010
WV16,E06000051
SK6,E08000007
OL7,E08000008
BH21,E06000059
NE5,E08000021
DT1,E06000059
B98,E07000236
IP12,E07000244
G52,S12000049
LE14,E07000133
CM4,E07000070
SN7,E07000180
S81,E08000018
BS34,E06000025
TR4,E06000052
EH3,S12000036
RG6,E06000038
N16,E09000012
CV2,E08000026
G43,S12000049
ST21,E07000197
CT5,E07000106
BT56,N09000004
HU7,E06000010
BT62,N09000002
G62,S12000045
KT2,E09000021
CT6,E07000106
S8,E08000019
ST3,E06000021
LS18,E08000035
S26,E08000018
HD8,E08000034
M20,E08000003
GL53,E07000078
TF1,E06000020
B29,E08000025
SL4,E06000040
UB8,E09000017
S60,E08000018
RG30,E06000038
BN18,E07000227
BT6,N09000003
LE7,E07000131
G21,S12000049
SK9,E06000049
SE22,E09000028
HG2,E07000165
GL50,E07000078
SY6,E06000051
DH7,E06000047
BN15,E07000223
EN6,E07000098
DD3,S12000042
NE15,E08000021
OX16,E07000177
TS16,E06000004
SL6,E06000040
B69,E08000028
LE4,E06000016
WS4,E08000030
DH1,E06000047
SK11,E06000049
DH9,E06000047
NN10,E06000061
DL5,E06000047
LN8,E07000142
DN12,E08000017
BS8,E06000024
EH22,S12000019
DN5,E08000017
SA33,W06000010
S6,E08000019
DY13,E07000238
CV47,E07000221
GU47,E06000036
LE2,E06000016
TR2,E06000052
SA4,W06000011
LE16,E07000131
BT45,N09000009
YO7,E07000164
BT71,N09000009
DN4,E08000017
TS4,E06000002
WR9,E07000238
BT9,N09000003
AB42,S12000034
TS15,E06000004
SW6,E09000013
LL16,W06000003
WC1V,E09000007
L39,E07000127
ST16,E07000197
NE32,E08000023
NG32,E07000141
BS9,E06000023
SO51,E07000093
HD1,E08000034
LS8,E08000035
CM99,E07000070
CM23,E07000242
CF44,W06000016
OX11,E07000179
NE34,E08000023
PL7,E06000026
G81,S12000039
NE30,E08000022
LL15,W06000004
PR3,E07000123
M30,E08000006
SO45,E07000091
LL55,W06000002
PE21,E07000136
CW1,E06000049
PR1,E07000123
EH32,S12000010
BT22,N09000011
TN21,E07000065
EH47,S12000040
OX13,E07000180
SA61,W06000009
G3,S12000049
SO50,E07000086
E1,E09000030
TN9,E07000115
DD2,S12000042
OL8,E08000004
NG7,E06000018
SN15,E06000054
TF3,E06000020
HP2,E07000096
TN4,E07000116
E11,E09000031
CF31,W06000013
BT23,N09000011
EH10,S12000036
L9,E08000012
SL8,E06000060
OX39,E07000179
BS35,E06000025
WV14,E08000027
CM14,E07000068
ML11,S12000029
SY13,E06000051
YO8,E07000169
CV5,E08000026
HP10,E06000060
LL53,W06000002
PL30,E06000052
M3,E08000003
BD23,E07000163
LE11,E07000130
LS12,E08000035
BN42,E07000223
NN17,E06000061
NG3,E06000018
UB3,E09000017
CO16,E07000076
L5,E08000012
LE8,E07000129
WA6,E06000050
EH9,S12000036
LS17,E08000035
PE31,E07000146
TN2,E07000116
BT29,N09000001
BS1,E06000023
BS15,E06000023
TS17,E06000004
DN36,E07000137
W1U,E09000033
LS21,E08000035
PE28,E07000011
HX3,E08000033
L19,E08000012
DY11,E07000239
DG2,S12000006
TW11,E09000027
NP23,W06000019
WR5,E07000237
SR4,E08000024
BT92,N09000006
PE35,E07000146
KY1,S12000047
LS6,E08000035
S66,E08000018
E17,E09000031
CF40,W06000016
BT30,N09000010
SY5,E06000051
LL40,W06000002
WR1,E07000237
WS3,E08000030
CW12,E06000049
BL2,E08000001
LL57,W06000002
DE56,E07000032
WV3,E08000031
HX1,E08000033
MK45,E06000056
IV2,S12000017
WR8,E07000235
NG15,E07000170
NG12,E07000176
EH15,S12000036
MK18,E06000060
SE19,E09000006
NP4,W06000020
TD15,E06000057
W1F,E09000033
WF15,E08000034
DN17,E06000013
DL13,E06000047
WR3,E07000237
NG13,E07000176
HP13,E06000060
KW14,S12000017
BA13,E06000054
NR32,E07000244
CV10,E07000219
NE24,E06000057
RG17,E06000037
TS26,E06000001
LE5,E06000016
OL16,E08000005
CR4,E09000024
RG20,E06000037
NN9,E06000061
SL1,E06000060
BT38,N09000008
KA13,S12000021
N1,E09000012
ST7,E06000049
BT44,N09000004
SY17,W06000023
PR2,E07000123
CT1,E07000106
DY12,E07000239
SO19,E06000045
AB31,S12000034
BH4,E06000058
PA34,S12000035
EH34,S12000010
DG7,S12000006
DL4,E06000005
M22,E08000003
EH48,S12000040
PL12,E06000052
ME10,E07000113
GL17,E07000080
AB21,S12000034
LA12,E07000031
SG12,E07000242
CF24,W06000015
NE61,E06000057
B33,E08000025
DY9,E07000234
ST10,E07000198
ST4,E06000021
PR5,E07000126
G53,S12000049
HP12,E06000060
NG6,E06000018
BT8,N09000007
SA18,W06000010
SN2,E06000030
SY2,E06000051
NE16,E08000037
RG8,E06000037
HU5,E06000010
LA23,E07000031
B2,E08000025
NG16,E07000172
SN11,E06000054
CW9,E06000050
SE1P,E09000028
M8,E08000003
HR2,E06000019
DT5,E06000059
DE72,E07000036
BT41,N09000001
TR12,E06000052
TS19,E06000004
CB23,E07000012
NG19,E07000174
HG3,E07000165
PE1,E06000031
BT28,N09000007
PE29,E07000011
KY12,S12000047
AB55,S12000020
PE13,E07000010
PO31,E06000046
M27,E08000006
S40,E07000034
NP20,W06000022
BT93,N09000006
CF83,W06000018
EN11,E07000095
BD20,E07000163
SK7,E08000007
BD16,E08000032
W1G,E09000033
NE28,E08000022
G23,S12000049
BS24,E06000024
SA70,W06000009
WF8,E08000036
CV31,E07000222
BS40,E06000022
TN6,E07000065
BH23,E06000058
YO11,E07000168
BT5,N09000003
CF82,W06000018
NE42,E06000057
BD4,E08000034
WV1,E08000031
SG19,E06000056
FK4,S12000014
NP22,W06000018
LE15,E06000017
BH5,E06000058
RM10,E09000002
AB43,S12000034
WA16,E06000049
SY20,W06000023
ME1,E06000035
AB10,S12000033
SE16,E09000028
BT79,N09000006
HS2,S12000013
TR18,E06000052
BS7,E06000023
SK10,E06000049
FK2,S12000014
NR18,E07000149
TW12,E09000027
GL1,E07000081
DN16,E06000013
W14,E09000020
SA5,W06000011
ME12,E07000113
CB6,E07000009
SP4,E06000054
B50,E07000221
BT48,N09000005
HD2,E08000034
OL12,E08000005
PL15,E06000052
WR14,E07000235
GL51,E07000078
NE3,E08000021
SS8,E07000069
BL1,E08000001
PE36,E07000146
RH16,E07000063
LL34,W06000003
SR2,E08000024
SA31,W06000010
BB10,E07000117
TW13,E09000018
CT11,E07000114
B38,E07000234
OX18,E07000181
DE7,E07000036
LE1,E06000016
HU17,E06000011
FK15,S12000048
NG5,E06000018
ST6,E06000021
NG4,E07000173
S18,E07000038
SS3,E06000033
EN9,E07000072
WF6,E08000036
W10,E09000020
M32,E08000009
LS13,E08000035
BD21,E08000032
M21,E08000003
OL13,E07000125
KA18,S12000008
BS4,E06000023
CF72,W06000016
SG11,E07000242
YO18,E07000167
SW10,E09000020
BD18,E08000032
LS15,E08000035
NG11,E06000018
NR35,E07000149
M16,E08000009
DT9,E06000059
OX5,E07000177
B20,E08000025
NE65,E06000057
NW11,E09000003
GU27,E07000216
BT46,N09000009
KY11,S12000047
SW7,E09000033
KA10,S12000028
SK14,E08000008
B25,E08000025
BT35,N09000010
IP22,E07000149
S61,E08000018
PR26,E07000118
S65,E08000018
L6,E08000012
CH8,W06000005
M14,E08000003
SA14,W06000010
LU5,E06000056
SK5,E08000007
G67,S12000050
WA3,E08000010
MK11,E06000042
BB8,E07000122
S35,E08000016
SG18,E06000056
PL17,E06000052
CF37,W06000016
DL6,E07000164
YO15,E06000011
NN7,E06000062
TS24,E06000001
BT78,N09000005
DT8,E06000059
BT43,N09000008
LU6,E06000056
TN1,E07000116
EH2,S12000036
TQ5,E06000027
BD2,E08000032
CF3,W06000015
SG1,E07000243
PO36,E06000046
NG8,E06000018
W1D,E09000033
EH29,S12000036
NR30,E07000145
CT17,E07000108
BA12,E06000054
S73,E08000016
B28,E08000025
LL28,W06000003
HP8,E06000060
BB1,E06000008
BT19,N09000011
SA9,W06000023
CF39,W06000016
DH4,E08000024
BT67,N09000002
BT14,N09000003
DE55,E07000032
LL21,W06000003
BB4,E07000125
ST13,E07000198
LL19,W06000004
BN1,E06000043
AB15,S12000033
LL13,W06000006
E2,E09000012
BN7,E07000063
WF13,E08000034
WD23,E07000098
SS7,E07000069
PE30,E07000146
DH3,E08000037
NE46,E06000057
BN24,E07000065
N17,E09000014
CF15,W06000015
NP11,W06000018
DT2,E06000059
BT34,N09000010
M46,E08000010
TW7,E09000018
KY6,S12000047
TD9,S12000026
WV5,E07000196
BH12,E06000058
LS29,E08000032
SA2,W06000011
SA12,W06000012
AB24,S12000033
B79,E07000199
BH8,E06000058
ML7,S12000050
B18,E08000025
CH2,E06000050
OL2,E08000004
PL14,E06000052
SR8,E06000047
KT7,E07000207
HD4,E08000034
G32,S12000049
SG8,E07000012
ML5,S12000050
MK17,E06000042
E8,E09000012
SN8,E06000054
TW4,E09000018
S3,E08000019
WS9,E08000030
HP15,E06000060
HU2,E06000010
BD10,E08000032
WR13,E07000235
BD22,E08000032
ST5,E07000195
BA1,E06000022
BT42,N09000008
WR4,E07000237
BT82,N09000005
WF16,E08000034
PL25,E06000052
CH4,E06000050
ML3,S12000029
KA3,S12000008
TA24,E07000246
LE12,E07000130
TS25,E06000001
B10,E08000025
CT18,E07000112
DE24,E06000015
BS32,E06000025
L33,E08000011
IG6,E09000026
TW9,E09000027
IG2,E09000026
KA24,S12000021
BS11,E06000023
M43,E08000008
NW1,E09000007
RG19,E06000037
S72,E08000016
WV99,E06000020
MK3,E06000042
MK19,E06000062
DY6,E08000027
NG31,E07000141
WN3,E08000010
BH10,E06000058
OL11,E08000005
DY5,E08000027
IP11,E07000244
KW15,S12000023
RG31,E06000037
G4,S12000049
BS5,E06000023
PO22,E07000224
DE14,E07000193
SY10,E06000051
PA31,S12000035
HP23,E07000096
FK3,S12000014
DN14,E06000011
NW1W,E09000007
IG11,E09000002
B26,E08000025
G33,S12000049
SY4,E06000051
G84,S12000035
WN7,E08000010
B77,E07000199
NG2,E07000176
EX21,E07000046
EN8,E07000095
WS8,E07000194
BT4,N09000003
G77,S12000011
DL10,E07000166
L7,E08000012
SE8,E09000011
SA65,W06000009
SN14,E06000054
TN26,E07000105
DN37,E06000012
G63,S12000030
M60,E08000003
GL16,E07000080
PL5,E06000026
LS27,E08000035
S13,E08000019
AB11,S12000033
BN6,E07000063
RG45,E06000041
TW2,E09000027
BS36,E06000025
WV12,E08000030
TS14,E06000003
CB1,E07000008
G82,S12000039
SA11,W06000012
DN40,E06000013
NN5,E06000062
HP20,E06000060
AB54,S12000034
WC1N,E09000007
SY23,W06000008
OX2,E07000180
CH3,E06000050
RM18,E06000034
WV98,E07000239
BN10,E07000063
SK16,E08000008
MK46,E06000042
BS39,E06000022
ML6,S12000050
BS22,E06000024
BN14,E07000229
L1,E08000012
KA1,S12000008
HP3,E07000096
DN11,E07000171
NG18,E07000174
BL4,E08000001
BT20,N09000011
S21,E07000038
EC4A,E09000001
CF10,W06000015
B67,E08000028
S42,E07000038
NN8,E06000061
WC2B,E09000007
TN40,E07000064
G65,S12000050
LA14,E07000027
YO26,E06000014
W1S,E09000033
NN3,E06000062
M41,E08000009
M13,E08000003
IG4,E09000026
NG17,E07000170
SY21,W06000023
MK13,E06000042
SA62,W06000009
RG14,E06000037
PE3,E06000031
AL5,E07000240
TN17,E07000116
MK10,E06000042
RG9,E07000179
RG7,E06000037
B21,E08000025
GL13,E07000082
CF36,W06000013
N1P,E09000019
BS6,E06000023
BD8,E08000032
PE11,E07000140
BN2,E06000043
G31,S12000049
KA20,S12000021
TS29,E06000047
LS14,E08000035
HP21,E06000060
G13,S12000049
WC1H,E09000007
WA10,E08000013
HU16,E06000011
DE3,E06000015
AL10,E07000241
TS11,E06000003
CM12,E07000066
SL5,E06000036
HP4,E07000096
DL2,E06000005
AB34,S12000034
WF12,E08000034
HP22,E06000060
B46,E07000218
AB41,S12000034
LS26,E08000035
IP17,E07000244
SA13,W06000012
CV36,E07000221
MK7,E06000042
BT18,N09000011
FY6,E07000128
FK9,S12000030
TS13,E06000003
BN22,E07000061
LL14,W06000006
WA9,E08000013
SY16,W06000023
NG33,E07000141
BL6,E08000001
DE65,E07000039
FY5,E07000128
IP6,E07000203
TS18,E06000004
MK2,E06000042
WV4,E08000031
ST1,E06000021
TR20,E06000052
WF5,E08000036
WA12,E08000013
LA4,E07000121
PH1,S12000048
BS49,E06000024
NG23,E07000141
WA15,E08000009
L8,E08000012
TF9,E06000051
LN4,E07000139
EH25,S12000019
WA14,E08000009
PL28,E06000052
ML1,S12000050
DT10,E06000059
BT47,N09000005
E18,E09000026
AL7,E07000241
BH18,E06000058
PO40,E06000046
EH16,S12000036
DL15,E06000047
S70,E08000016
WS7,E07000194
MK16,E06000042
AB33,S12000034
LE9,E07000132
G5,S12000049
SA1,W06000011
CW6,E06000050
B1,E08000025
HP1,E07000096
WF10,E08000036
B11,E08000025
IP33,E07000245
BD14,E08000032
PE26,E07000011
YO10,E06000014
SA19,W06000010
OX14,E07000180
TN7,E07000065
MK6,E06000042
IG5,E09000026
RH6,E07000226
CF32,W06000013
CF11,W06000015
SN6,E06000054
MK40,E06000055
YO23,E07000169
BT16,N09000007
E4,E09000031
TN12,E07000115
WF17,E08000034
B31,E08000025
N22,E09000014
KT4,E09000029
SR3,E08000024
GL12,E07000082
BS10,E06000023
TN32,E07000064
G68,S12000050
W8,E09000020
OL3,E08000004
CW3,E06000049
BT61,N09000002
BT33,N09000010
NE62,E06000057
BH9,E06000058
BD17,E08000032
GU32,E07000085
SA15,W06000010
DL8,E07000166
GU30,E07000085
L40,E07000127
SG7,E07000099
NE12,E08000022
B45,E08000025
SS14,E07000066
CH7,W06000005
NE10,E08000037
PE22,E07000137
BS48,E06000024
DN9,E06000013
RG41,E06000041
CM11,E07000066
NP12,W06000018
PO6,E06000044
SE4,E09000023
SN16,E06000054
HA0,E09000005
WF14,E08000034
LS2,E08000035
CV13,E07000132
CF63,W06000014
CV11,E07000219
BT1,N09000003
HD5,E08000034
KA5,S12000008
NP7,W06000021
TA2,E07000246
YO41,E06000011
WF4,E08000036
M4,E08000003
CW5,E06000049
FY1,E06000009
PE7,E07000010
DD5,S12000042
LA6,E07000031
PA1,S12000038
M35,E08000004
EH4,S12000036
SM5,E09000029
CB24,E07000012
E1W,E09000030
BH1,E06000058
TS10,E06000003
WN5,E08000010
DE4,E07000035
RG10,E06000041
EH21,S12000010
CW11,E06000049
BT49,N09000004
LL41,W06000002
KT9,E09000021
YO16,E06000011
DT3,E06000059
EH11,S12000036
WA5,E06000007
OL10,E08000005
WF2,E08000036
TN31,E07000064
PL6,E06000026
DE22,E06000015
SG6,E07000099
BD6,E08000032
SL2,E06000039
CV37,E07000221
KY16,S12000047
TN34,E07000062
CH66,E06000050
S63,E08000016
OL4,E08000004
G74,S12000029
RG22,E07000084
KW1,S12000017
WA8,E06000006
CW7,E06000050
LL11,W06000006
HP14,E06000060
S43,E07000034
TA1,E07000246
IP13,E07000203
G76,S12000011
B23,E08000025
WS15,E07000194
LN11,E07000137
SN3,E06000030
G69,S12000050
SS12,E07000066
SS15,E07000066
IP26,E07000146
DD11,S12000041
SW14,E09000027
CV35,E07000221
HR1,E06000019
BT74,N09000006
KA19,S12000028
CF33,W06000013
B76,E08000025
SK8,E08000007
M40,E08000003
YO32,E06000014
S2,E08000019
EH55,S12000040
TR26,E06000052
DL7,E07000164
M34,E08000008
RG28,E07000084
EH26,S12000019
KY2,S12000047
NN14,E06000061
TR14,E06000052
ME20,E07000115
TR19,E06000052
ST14,E07000193
GL20,E07000083
SS9,E06000033
DN41,E07000142
WD3,E07000102
W1B,E09000033
SY24,W06000008
LE3,E06000016
TW17,E07000213
SO16,E06000045
NG24,E07000175
CR6,E07000215
HA4,E09000017
RG12,E06000036
AB37,S12000020
SR7,E06000047
BT12,N09000003
EC3A,E09000001
DN15,E06000013
LL22,W06000003
MK44,E06000055
TF2,E06000020
WS1,E08000030
HX5,E08000033
PL13,E06000052
CV32,E07000222
TD1,S12000026
LE18,E07000135
DG10,S12000006
DT7,E06000059
TR1,E06000052
MK8,E06000042
PL1,E06000026
IV27,S12000017
BN21,E07000061
TN8,E07000111
DN7,E08000017
IP15,E07000244
BS30,E06000025
SA68,W06000009
BL3,E08000001
G66,S12000045
CB8,E07000245
PA16,S12000018
WS12,E07000192
DG1,S12000006
TS6,E06000003
SG17,E06000056
LL48,W06000002
LN12,E07000137
CF62,W06000014
SP3,E06000054
BH14,E06000058
SE5,E09000028
DE13,E07000193
PA37,S12000035
IV12,S12000017
LS7,E08000035
FY7,E07000128
BD9,E08000032
WD24,E07000103
RM16,E06000034
DD6,S12000047
G78,S12000011
CT19,E07000112
PO34,E06000046
DN20,E06000013
S20,E08000019
SP1,E06000054
ST15,E07000197
WA11,E08000013
NE9,E08000037
HP9,E06000060
B34,E08000025
LA8,E07000031
BA14,E06000054
GL15,E07000080
NN12,E06000062
NG14,E07000173
DG14,S12000006
LL20,W06000004
WV10,E07000196
SR5,E08000024
LA3,E07000121
DL9,E07000166
DE21,E06000015
NE29,E08000022
HU12,E06000011
S74,E08000016
M12,E08000003
W1J,E09000033
DE12,E07000134
KY8,S12000047
BT53,N09000004
B72,E08000025
NR31,E07000145
W1K,E09000033
LD3,W06000023
ML4,S12000050
BH6,E06000058
KY7,S12000047
LA22,E07000031
EH46,S12000026
S14,E08000019
WN2,E08000010
BH31,E06000059
BT26,N09000007
CH46,E08000015
RM8,E09000002
LL77,W06000001
GU28,E07000225
CF14,W06000015
EH19,S12000019
LL65,W06000001
MK14,E06000042
BT63,N09000002
LS25,E07000169
PH10,S12000048
HG4,E07000165
TS12,E06000003
TN37,E07000062
EH52,S12000040
AB23,S12000034
CW2,E06000049
BH11,E06000058
EC4V,E09000001
WF9,E08000036
B13,E08000025
LN3,E07000142
S17,E08000019
LS24,E07000169
PE25,E07000137
BN3,E06000043
PE12,E07000140
RG24,E07000084
SS4,E07000075
WA4,E06000007
YO24,E06000014
CF5,W06000015
CT2,E07000106
B70,E08000028
LS28,E08000035
AB36,S12000034
SA39,W06000010
ML2,S12000050
HP17,E06000060
WF3,E08000035
WC2R,E09000033
BS20,E06000024
TR9,E06000052
WR15,E07000235
W1H,E09000033
PO33,E06000046
PH5,S12000048
CV3,E08000026
SA43,W06000008
NP24,W06000018
NE36,E08000023
SN13,E06000054
B78,E07000218
DL14,E06000047
NN16,E06000061
CW8,E06000050
KY10,S12000047
BT40,N09000008
GL19,E07000083
CH6,W06000005
TN27,E07000105
WD25,E07000103
SK13,E07000037
WS11,E07000192
DE73,E07000134
AL2,E07000240
MK9,E06000042
B63,E08000027
NE38,E08000024
YO60,E07000167
SA44,W06000008
NE37,E08000024
G83,S12000039
E9,E09000012
LD8,W06000023
SP8,E06000059
LD2,W06000023
S7,E08000019
W11,E09000020
KA12,S12000021
RH15,E07000228
NE7,E08000021
DE23,E06000015
KW16,S12000023
UB4,E09000017
S75,E08000016
SW3,E09000020
TF4,E06000020
DD7,S12000041
EH20,S12000019
BT17,N09000003
SA73,W06000009
TN11,E07000115
DN34,E06000012
DE6,E07000035
B32,E08000025
E5,E09000012
NG34,E07000139
G20,S12000049
SN5,E06000030
KA8,S12000028
WS13,E07000194
DE45,E07000035
LA5,E07000121
LS23,E08000035
ME6,E07000115
CB10,E07000077
SP5,E06000054
DG6,S12000006
NG9,E07000172
PE34,E07000146
RG26,E07000084
KY4,S12000047
PE19,E07000011
BS13,E06000023
WA1,E06000007
PO4,E06000044
LN5,E07000139
BS21,E06000024
LS19,E08000035
RM14,E09000016
NE21,E08000037
FY2,E06000009
IG10,E07000072
IP23,E07000203
HU3,E06000010
LU7,E06000056
RH3,E07000210
HS1,S12000013
OL6,E08000008
CH65,E06000050
TN3,E07000116
PA28,S12000035
PO30,E06000046
L24,E08000012
NE13,E08000021
DD9,S12000041
IP21,E07000203
OL14,E08000033
DN18,E06000013
KY13,S12000048
SS17,E06000034
BT15,N09000003
BT25,N09000002
NR23,E07000147
DE1,E06000015
BT39,N09000001
NG25,E07000175
YO62,E07000167
LA9,E07000031
CB7,E07000009
B66,E08000028
SG3,E07000242
LL25,W06000003
EH28,S12000036
CF64,W06000014
SY1,E06000051
EH7,S12000036
PA19,S12000018
EH51,S12000014
AB56,S12000020
BB2,E06000008
IV20,S12000017
TS3,E06000002
GU31,E07000085
PA10,S12000038
LE65,E07000134
M9,E08000003
EH42,S12000010
CM13,E07000068
PA2,S12000038
OX25,E07000177
LL68,W06000001
YO51,E07000165
OX33,E07000179
IP24,E07000143
NP44,W06000020
CF23,W06000015
TD5,S12000026
KT21,E07000210
DG3,S12000006
SK12,E06000049
KA29,S12000021
BD19,E08000034
BB3,E06000008
BH20,E06000059
BL7,E06000008
HR6,E06000019
BT75,N09000006
DE15,E07000193
B95,E07000221
SW12,E09000032
SA16,W06000010
HP5,E06000060
G46,S12000049
TA11,E07000189
L12,E08000012
FK5,S12000014
NP18,W06000022
CW10,E06000049
DN32,E06000012
EH1,S12000036
DA3,E07000107
MK1,E06000042
OX28,E07000181
BD3,E08000032
NP15,W06000021
ST9,E06000021
TN38,E07000062
FK14,S12000005
DG9,S12000006
TR3,E06000052
DN33,E06000012
PE9,E07000141
IV49,S12000017
PA5,S12000038
WN8,E07000127
BD24,E07000163
GL8,E07000079
KA21,S12000021
L75,E08000014
M18,E08000003
TW10,E09000027
HU9,E06000010
EC1M,E09000019
TN39,E07000064
NN4,E06000062
BD13,E08000032
NE1,E08000021
S4,E08000019
MK4,E06000042
WC1E,E09000007
PO5,E06000044
TW1,E09000027
HR8,E06000019
ME19,E07000115
BT55,N09000004
PA8,S12000038
SL0,E06000060
G45,S12000049
ME2,E06000035
YO19,E06000014
GL9,E06000025
L4,E08000012
DD1,S12000042
CV34,E07000222
EC1V,E09000019
BS23,E06000024
PL27,E06000052
EH14,S12000036
NG21,E07000175
CF71,W06000014
LE67,E07000134
NR29,E07000145
SS99,E06000033
B62,E08000027
IV18,S12000017
YO25,E06000011
HP11,E06000060
PA20,S12000035
NE17,E06000047
BS37,E06000025
HG1,E07000165
SW1H,E09000033
SA71,W06000009
B47,E07000234
LE17,E07000131
RM13,E09000016
WV15,E06000051
LL30,W06000003
PO38,E06000046
NE22,E06000057
CH1,E06000050
HP19,E06000060
CF41,W06000016
SE7,E09000011
TR15,E06000052
HU6,E06000011
BT36,N09000001
SK22,E07000037
CM5,E07000072
PO2,E06000044
BS14,E06000023
IV30,S12000020
BH7,E06000058
RH20,E07000227
ML12,S12000029
WV13,E08000030
SO15,E06000045
PL23,E06000052
HD7,E08000034
EH5,S12000036
KA22,S12000021
NP16,E07000080
OX29,E07000181
SA34,W06000010
LA2,E07000121
B16,E08000025
BT94,N09000006
M38,E08000006
KY5,S12000047
CV1,E08000026
IV36,S12000020
TD6,S12000026
YO42,E06000011
EC2A,E09000012
LL54,W06000002
SG14,E07000242
IV10,S12000017
DL12,E06000047
LD1,W06000023
KT13,E07000207
G41,S12000049
KA9,S12000028
TS2,E06000002
BT51,N09000004
PE23,E07000137
DD10,S12000034
NN13,E06000062
SW13,E09000027
G75,S12000029
PA15,S12000018
AB13,S12000033
B65,E08000028
CF45,W06000016
HU11,E06000011
LS22,E08000035
CB25,E07000009
PH2,S12000048
G34,S12000049
NE47,E06000057
BT70,N09000009
LL18,W06000003
WC2H,E09000007
B49,E07000221
CV8,E07000222
TS1,E06000002
LS10,E08000035
BT52,N09000004
ME18,E07000115
PH15,S12000048
M33,E08000009
RG21,E07000084
IV51,S12000017
AB22,S12000033
BT54,N09000004
TS21,E06000047
YO1,E06000014
HX4,E08000033
SO20,E07000093
SS6,E07000075
G44,S12000049
TF5,E06000020
BT13,N09000003
DG11,S12000006
SY8,E06000051
LA1,E07000121
KT23,E07000210
PR25,E07000126
SS0,E06000033
AB45,S12000034
KT1,E09000021
M6,E08000006
B99,E08000025
CT7,E07000114
KW9,S12000017
WN4,E08000013
TA21,E07000246
WR6,E07000235
NR17,E07000143
TR13,E06000052
HR9,E06000019
EH12,S12000036
NE64,E06000057
NE20,E06000057
PA29,S12000035
EC4R,E09000001
PL24,E06000052
YO12,E07000167
L13,E08000012
SK4,E08000007
PA6,S12000038
LL52,W06000002
LS20,E08000035
HU8,E06000010
TF6,E06000020
BA9,E07000189
HX2,E08000033
S71,E08000016
SO17,E06000045
B74,E08000025
CM21,E07000242
PH16,S12000048
SN10,E06000054
DG4,S12000006
WS14,E07000194
TS5,E06000002
GL18,E07000080
CT20,E07000112
M44,E08000006
FK10,S12000005
DN8,E08000017
FY4,E07000119
NE8,E08000037
FY3,E06000009
CM15,E07000068
LN7,E07000142
UB9,E09000017
YO31,E06000014
NR12,E07000147
B75,E08000025
PA7,S12000038
CV6,E08000026
KT3,E09000021
HP7,E06000060
EH8,S12000036
M1,E08000003
DN38,E06000013
PA23,S12000035
S45,E07000038
CF46,W06000024
PA3,S12000038
OX44,E07000179
OL9,E08000004
YO43,E06000011
ST8,E07000198
G61,S12000045
LL23,W06000002
B80,E07000221
B17,E08000025
NE26,E08000022
TR10,E06000052
PL8,E07000044
DN6,E08000017
BH16,E06000059
SS1,E06000033
B6,E08000025
SY3,E06000051
DG12,S12000006
IP20,E07000149
KW17,S12000023
SO42,E07000091
NP25,W06000021
W1W,E09000033
M29,E08000010
PL19,E07000047
WR7,E07000238
B30,E08000025
NE11,E08000037
SA20,W06000010
EX33,E07000043
BN23,E07000061
M7,E08000006
B37,E08000029
PL31,E06000052
RG5,E06000041
LL58,W06000001
BD12,E08000032
B15,E08000025
SS2,E06000033
TS9,E07000164
S62,E08000018
WV2,E08000031
DD4,S12000042
BT11,N09000003
CF47,W06000024
KY14,S12000047
WS6,E07000196
CR7,E09000008
HR7,E06000019
W9,E09000033
NW8,E09000033
DN39,E06000013
ML10,S12000029
BH17,E06000058
WF7,E08000036
LA13,E07000027
EH6,S12000036
CF61,W06000014
LL78,W06000001
BH22,E06000059
TN28,E07000112
AB44,S12000034
M23,E08000003
BN50,E06000043
LL36,W06000002
HP6,E06000060
NN6,E06000062
NE4,E08000021
TS20,E06000004
AL8,E07000241
TF13,E06000051
CF35,W06000013
L11,E08000012
NE18,E06000057
PE2,E06000031
SA6,W06000011
PL4,E06000026
CV33,E07000221
CO12,E07000076
NP26,W06000021
ML8,S12000029
KA7,S12000028
HU14,E06000011
WV6,E08000031
EH17,S12000036
BN41,E06000043
TR8,E06000052
B43,E08000028
LL31,W06000003
SK15,E08000008
LA16,E07000027
HS9,S12000013
IP19,E07000244
FK13,S12000005
RM17,E06000034
RM9,E09000002
SY12,E06000051
ST20,E07000197
B3,E08000025
G12,S12000049
DN35,E06000012
LA20,E07000029
FK1,S12000014
SA10,W06000012
NN2,E06000062
SG9,E07000242
SE28,E09000011
SY11,E06000051
WR12,E07000238
WS5,E08000028
DN31,E06000012
DY1,E08000027
M2,E08000003
G11,S12000049
GU16,E07000214
TR16,E06000052
B4,E08000025
PE14,E07000146
E98,E09000030
EH53,S12000040
BT32,N09000002
AB51,S12000034
AB12,S12000033
ME9,E07000113
CH5,W06000005
SA17,W06000010
BD5,E08000032
HR5,W06000023
WN6,E08000010
PE24,E07000137
HP18,E06000060
WS2,E08000030
WD4,E07000096
TD10,S12000026
HP27,E06000060
SK3,E08000007
LL17,W06000004
NN15,E06000061
WN1,E08000010
DH5,E08000024
ZE1,S12000027
SK1,E08000007
TF12,E06000051
G73,S12000029
SG13,E07000242
SG4,E07000099
BT60,N09000002
EX23,E06000052
LN10,E07000137
DG5,S12000006
WR10,E07000238
DA10,E07000107
CV4,E08000026
B68,E08000028
HR3,W06000023
MK43,E06000055
IV32,S12000020
HG5,E07000165
PE20,E07000136
G42,S12000049
B44,E08000025
SW5,E09000020
YO13,E07000168
EH39,S12000010
LS16,E08000035
SA3,W06000011
NN1,E06000062
LL29,W06000003
FK7,S12000030
TS8,E06000002
IP16,E07000244
B48,E07000234
WC1X,E09000007
GU7,E07000216
RG18,E06000037
RG42,E06000036
PE38,E07000146
G14,S12000049
BT27,N09000007
IV4,S12000017
OL15,E08000005
NE19,E06000057
NN18,E06000061
CB5,E07000008
BD11,E08000034
G1,S12000049
CB22,E07000012
NE45,E06000057
IG9,E09000026
TF11,E06000051
EC1Y,E09000019
S12,E08000019
EH36,S12000010
B8,E08000025
IV26,S12000017
OX20,E07000181
PL2,E06000026
EH49,S12000040
L32,E08000011
KT16,E07000212
SN9,E06000054
TN29,E07000112
LA19,E07000029
IV11,S12000017
LS99,E08000035
B42,E08000025
SS16,E07000066
NE40,E08000037
BT68,N09000009
EX24,E07000040
PO3,E06000044
DE5,E07000032
EH27,S12000040
AB16,S12000033
EC2P,E09000019
AB25,S12000033
TN22,E07000065
BT24,N09000010
TS23,E06000004
SP7,E06000059
HU10,E06000011
LL39,W06000002
NE67,E06000057
L26,E08000011
PO1,E06000044
HS8,S12000013
L17,E08000012
SL9,E06000060
NE39,E08000037
GL14,E07000080
KY15,S12000047
NP13,W06000019
CA24,E07000029
AB32,S12000034
BD15,E08000032
IP10,E07000244
CF43,W06000016
PE4,E06000031
DL17,E06000047
SG5,E07000099
WV11,E08000031
S32,E07000035
NE33,E08000023
B94,E07000221
M17,E08000009
M31,E08000009
SM6,E09000029
L69,E08000012
TF10,E07000197
TA23,E07000246
S10,E08000019
S1,E08000019
ZE2,S12000027
LL61,W06000001
S64,E08000017
DN1,E08000017
WD7,E07000098
HU13,E06000011
PL3,E06000026
SW1W,E09000020
SA63,W06000009
YO21,E07000168
SY22,W06000023
LE13,E07000133
WA2,E06000007
MK41,E06000055
PL11,E06000052
OL1,E08000004
CH61,E08000015
TD8,S12000026
TD7,S12000026
B36,E08000029
WR2,E07000237
KY3,S12000047
TS7,E06000003
DY2,E08000027
M11,E08000003
EH91,S12000036
M90,E08000003
TW19,E06000040
CT21,E07000112
TA22,E07000246
PE27,E07000011
TN19,E07000064
SR1,E08000024
PL18,E06000052
WA13,E06000007
PH26,S12000017
SA67,W06000009
BN45,E07000228
KA17,S12000008
EH41,S12000010
LN9,E07000137
LS5,E08000035
SK23,E07000037
WS10,E08000028
RG4,E07000179
MK12,E06000042
SE21,E09000022
BT81,N09000005
SS13,E07000066
G2,S12000049
TF7,E06000020
YO14,E07000168
B5,E08000025
WC2A,E09000007
GU25,E07000212
TF8,E06000020
ML9,S12000029
SE26,E09000023
WF11,E07000169
TQ4,E06000027
L35,E08000011
PH21,S12000017
B24,E08000025
PL34,E06000052
W6,E09000013
G64,S12000045
PA67,S12000035
PH22,S12000017
LL46,W06000002
M19,E08000003
PA38,S12000017
CF81,W06000018
NE27,E08000022
NP10,W06000022
LL42,W06000002
W1T,E09000007
TR6,E06000052
SK2,E08000007
TR27,E06000052
SE2,E09000011
AB52,S12000034
DG8,S12000006
DH6,E06000047
EH31,S12000010
SW1E,E09000033
TN36,E07000064
PA35,S12000035
CB21,E07000012
LA10,E07000031
NE71,E06000057
B12,E08000025
HU15,E06000011
NN29,E06000061
PO37,E06000046
KA26,S12000028
LA15,E07000027
SA48,W06000008
LE41,E07000129
YO61,E07000164
SP6,E07000091
PA14,S12000018
PE8,E06000061
KA15,S12000021
KY9,S12000047
B7,E08000025
PA4,S12000038
DL11,E07000166
BN52,E06000043
S41,E07000034
EH54,S12000040
GL55,E07000079
TD14,S12000026
IV3,S12000017
KT20,E07000211
YO90,E06000014
PE10,E07000141
AL6,E07000242
NW5,E09000007
G40,S12000049
B71,E08000028
BS2,E06000023
PH6,S12000048
EH30,S12000036
W1C,E09000033
BD7,E08000032
S5,E08000019
LE87,E06000016
EN10,E07000095
CV12,E07000219
ST19,E07000196
KT17,E07000208
YO22,E07000168
NE69,E06000057
TR7,E06000052
M15,E08000003
OX27,E06000060
DN21,E07000142
DE75,E07000032
AB39,S12000034
SA64,W06000009
TD3,S12000026
BL5,E08000001
PA11,S12000038
EX37,E07000043
NE25,E08000022
SA45,W06000008
TW14,E09000018
M28,E08000006
BN9,E07000063
NE41,E08000037
PH11,S12000048
PA12,S12000038
GU33,E07000085
CW4,E06000049
TA12,E07000189
BT66,N09000002
S98,E08000019
L27,E08000012
SA38,W06000008
EC2R,E09000001
AB53,S12000034
NR26,E07000147
LL12,W06000006
CT8,E07000114
LS1,E08000035
LA7,E07000031
FK8,S12000030
OX49,E07000179
RH18,E07000065
L70,E08000012
LL62,W06000001
EH23,S12000019
PO39,E06000046
MK5,E06000042
N1C,E09000007
KW3,S12000017
SN26,E06000030
HA6,E09000017
EN7,E07000095
NR24,E07000147
EH45,S12000026
TN20,E07000065
IV14,S12000017
OX9,E07000179
PL26,E06000052
DN3,E08000017
EX35,E07000043
LE19,E07000129
RG23,E07000084
EH33,S12000010
CF38,W06000016
BN44,E07000227
HU19,E06000011
DY7,E07000196
B9,E08000025
LL44,W06000002
EH24,S12000019
IV44,S12000017
NE48,E06000057
B61,E07000234
EH13,S12000036
DH2,E06000047
DN19,E06000013
PH33,S12000017
BT10,N09000003
PA77,S12000035
WC1A,E09000007
LD7,W06000023
BB7,E07000124
SL7,E06000060
HU4,E06000010
EC2M,E09000019
TN10,E07000115
IV40,S12000017
DE74,E07000134
LD6,W06000023
G71,S12000050
BS29,E06000024
NE49,E06000057
G60,S12000039
NG1,E06000018
KA14,S12000021
NG10,E07000036
EC1P,E09000019
SR6,E08000023
HU18,E06000011
KA4,S12000008
SA8,W06000012
HD3,E08000034
LE6,E07000130
G15,S12000049
KA23,S12000021
CV9,E07000132
G51,S12000049
KA2,S12000028
NE43,E06000057
SA66,W06000009
LS4,E08000035
G22,S12000049
NE99,E08000021
OX17,E06000062
LL27,W06000003
SA40,W06000008
HU1,E06000010
W1A,E09000019
S99,E08000019
CR44,E09000029
HX7,E08000033
BT80,N09000009
SL95,E06000039
BT65,N09000002
SO52,E07000093
BN26,E07000065
SA41,W06000009
LA21,E07000031
RG25,E07000084
AL9,E07000241
EH37,S12000019
FK16,S12000030
TN35,E07000064
WD6,E07000098
NP8,W06000023
DL16,E06000047
PH49,S12000017
WV9,E08000031
TN33,E07000065
CF42,W06000016
ST11,E07000197
TR5,E06000052
PH50,S12000017
HP16,E06000060
SN1,E06000030
EX19,E07000046
UB10,E09000017
NE63,E06000057
S33,E07000035
TD4,S12000026
B19,E08000025
KT5,E09000021
LS9,E08000035
B73,E08000025
CF48,W06000024
EC4Y,E09000001
LL45,W06000002
PL35,E06000052
WV8,E07000196
BA15,E06000054
TW6,E09000017
HS3,S12000013
B27,E08000025
IV54,S12000017
EH35,S12000010
SY18,W06000023
KW12,S12000017
BS41,E06000024
RM15,E06000034
SE24,E09000022
DY14,E07000239
BT31,N09000010
EH18,S12000019
LN13,E07000137
PO32,E06000046
S9,E08000019
IV17,S12000017
S25,E08000018
AB30,S12000034
PH7,S12000048
LL67,W06000001
HX6,E08000033
TS22,E06000004
SA7,W06000011
DG13,S12000006
NE44,E06000057
BT57,N09000004
L16,E08000011
LL71,W06000001
KA30,S12000021
LL56,W06000002
EC1R,E09000019
BH13,E06000058
SA42,W06000009
KA27,S12000021
IV55,S12000017
AB14,S12000033
BT21,N09000011
LL63,W06000001
ST55,E07000195
SA32,W06000010
TS27,E06000047
PA13,S12000018
YO30,E07000164
NE70,E06000057
IV23,S12000017
B64,E08000028
PH34,S12000017
PH25,S12000017
BA7,E07000189
SY9,E06000051
PA18,S12000018
LL24,W06000003
SA69,W06000009
SW1Y,E09000033
DN2,E08000017
CH25,E08000015
SO43,E07000091
ST12,E07000197
LL33,W06000002
BT2,N09000003
PA9,S12000038
EC2N,E09000001
KA28,S12000021
DA18,E09000004
AB38,S12000020
L15,E08000012
LA11,E07000031
SY15,W06000023
DG16,S12000006
EC3N,E09000001
PO41,E06000046
WC2N,E09000033
SG15,E06000056
LL47,W06000002
FK6,S12000014
LL49,W06000002
KA6,S12000028
S11,E08000019
IV31,S12000020
SL60,E06000040
B96,E07000236
SO24,E07000085
IV63,S12000017
FK17,S12000030
LL70,W06000001
SE20,E09000006
CH34,E06000050
S96,E08000019
AB35,S12000034
L2,E08000012
TQ11,E07000045
WV7,E06000051
SY25,W06000008
LL60,W06000001
SN38,E06000030
TN5,E07000065
PL22,E06000052
EH40,S12000010
PL95,E06000026
LA17,E07000031
L72,E08000014
LS3,E08000035
PH3,S12000048
BT69,N09000009
OL5,E08000008
FK12,S12000005
EC3R,E09000001
BD1,E08000032
SY14,W06000006
SE27,E09000022
SA72,W06000009
EC4M,E09000001
EC1N,E09000007
WD99,E07000103
EX38,E07000046
BH2,E06000058
TD11,S12000026
EC1A,E09000019
BT7,N09000003
IG3,E09000026
WC2E,E09000033
RM4,E07000072
LL64,W06000001
BT64,N09000002
PH20,S12000017
RM20,E06000034
DH99,E06000047
TD13,S12000026
BB6,E07000120
IV1,S12000017
IV15,S12000017
SA37,W06000009
IV25,S12000017
EH44,S12000026
PL10,E06000052
SA36,W06000009
LL74,W06000001
PE5,E06000031
IV7,S12000017
BH3,E06000058
WC1B,E09000007
LL59,W06000001
L34,E08000011
IV5,S12000017
FK19,S12000030
NE68,E06000057
PH39,S12000017
IV16,S12000017
LL26,W06000003
TD12,E06000057
BL78,E08000001
PR11,E07000123
SG16,E06000056
KA25,S12000021
IV47,S12000017
PH13,S12000048
LL35,W06000002
LL75,W06000001
ME11,E07000113
RM19,E06000034
WC1R,E09000007
SG10,E07000242
PH9,S12000048
FK21,S12000030
TS28,E06000047
BT76,N09000009
EC3M,E09000001
EC2V,E09000001
PH14,S12000048
NG80,E07000172
TR24,E06000053
HS6,S12000013
PH41,S12000017
IV9,S12000017
TA17,E07000189
B35,E08000025
PA78,S12000035
UB18,E09000009
IV19,S12000017
MK77,E06000042
PH23,S12000017
PA42,S12000035
TR17,E06000052
PL32,E06000052
LE21,E06000016
M61,E08000003
MK15,E06000042
PH36,S12000017
NE35,E08000023
TD2,S12000026
PA30,S12000035
EC3P,E09000001
PO35,E06000046
PA36,S12000035
WR99,E07000237
HU20,E06000011
IV6,S12000017
PA33,S12000035
BN88,E06000043
PH8,S12000048
CH32,E08000015
PH24,S12000017
PA21,S12000035
SY19,W06000023
BT3,N09000003
IV22,S12000017
PH4,S12000048
CH99,E06000050
KA16,S12000008
EC4N,E09000019
IV13,S12000017
IV56,S12000017
BN51,E06000043
LL72,W06000001
TA16,E07000189
EC2Y,E09000001
PA27,S12000035
PA47,S12000035
PH18,S12000048
NE92,E08000037
ME99,E07000110
PA44,S12000035
TR23,E06000053
SA46,W06000008
UB11,E09000017
SA47,W06000008
CH33,E06000050
PL33,E06000052
CR90,E09000008
WA88,E06000006
PA75,S12000035
KW10,S12000017
KW13,S12000017
EH38,S12000026
PA32,S12000035
CA18,E07000029
FK11,S12000005
PA22,S12000035
SA99,W06000011
NG90,E07000172
PA70,S12000035
PA43,S12000035
IV53,S12000017
L74,E08000012
LL51,W06000002
PH32,S12000017
SA35,W06000009
HS7,S12000013
BT77,N09000009
LD5,W06000023
KY99,S12000047
LL38,W06000002
EC3V,E09000001
NR22,E07000147
PA46,S12000035
BD97,E08000032
IV21,S12000017
CF30,W06000015
PH42,S12000017
PA49,S12000035
PL29,E06000052
PA45,S12000035
S49,E07000034
CF95,W06000015
CH70,E06000050
CH31,E08000015
PA17,S12000021
L71,E08000012
TR21,E06000053
SO97,E07000086
CH28,E08000015
PH12,S12000048
SY99,E06000051
CT50,E07000112
PH17,S12000048
G70,S12000050
NW26,E09000005
KW8,S12000017
SO25,E07000094
CH26,E08000015
LL69,W06000001
BS99,E06000023
CM92,E07000073
G90,S12000049
IV52,S12000017
LL76,W06000001
CM98,E07000070
RH77,E07000226
IV24,S12000017
PA48,S12000035
HS5,S12000013
SN99,E06000030
PA41,S12000035
LL37,W06000002
LD4,W06000023
PH30,S12000017
LL66,W06000001
EH43,S12000026
EC4P,E09000019
ZE3,S12000027
IV43,S12000017
PA24,S12000035
IV42,S12000017
LL43,W06000002
LS98,E08000035
IV28,S12000017
PA26,S12000035
PA72,S12000035
WA55,E06000007
BL11,E08000001
PA69,S12000035
L67,E08000012
DE99,E06000015
PA80,S12000017
FK20,S12000030
B40,E08000029
PA60,S12000035
G58,S12000049
PA25,S12000035
S97,E08000018
BB94,E07000122
PH37,S12000017
BD99,E08000032
IV8,S12000017
PH40,S12000017
PA73,S12000035
PA61,S12000035
LL73,W06000001
FK18,S12000030
N81,E09000014
LS88,E08000035
CH29,E08000015
S95,E08000019
PH35,S12000017
G79,S12000029
DH98,E08000037
PA76,S12000035
NE98,E08000021
PA65,S12000035
WF90,E08000036
IV41,S12000017
KW6,S12000017
LE94,E07000131
LE95,E07000129
PA68,S12000035
PH31,S12000017
PH38,S12000017
KW11,S12000017
SA80,W06000011
NE85,E08000037
IV45,S12000017
KW7,S12000017
CF91,W06000015
TR25,E06000053
PH19,S12000017
HS4,S12000013
NR99,E07000148
CH30,E08000015
PR0,E07000123
IV46,S12000017
KW2,S12000017
AB99,S12000033
SS22,E06000033
CA95,E07000026
BD98,E08000032
PA71,S12000035
IP98,E07000149
G9,S12000049
IV48,S12000017
KW5,S12000017
TR22,E06000053
M99,E08000003
LE55,E06000016
CW98,E06000049
L68,E08000014
DL98,E06000005
PA63,S12000035
EH95,S12000036
IV99,S12000017
PA62,S12000035
BN95,E07000223
PA66,S12000035
NE88,E08000037
