Substation ID,Substation Name,Nominal Voltage, Transformer Capacity,Firm Capacity,Maximum Demand (MVA),Demand Classification,Substation Class,Demand Headroom (MVA),lat,long
9832,Foss Islands,11.0,30.0,36,27.626,GREEN,Primary,8.373999999999999,53.96134,-1.071831
9891-11,Harrogate 132/11kV,11.0,30.0,36,32.243,GREEN,BSP,3.756999999999998,54.000992,-1.55462
9901,Oatlands,11.0,18.75,22.9,9.796,GREEN,Primary,13.104,53.976656,-1.531179
9903,Starbeck,11.0,18.75,22.9,20.16,AMBER,Primary,2.7399999999999984,53.997108,-1.498992
7490443,Barden Friar,20.0,7.5,5,0.938,GREEN,Primary,4.062,54.337751,-1.794442
9877,Bedale,11.0,24.0,22,17.55,GREEN,Primary,4.449999999999999,54.290103,-1.590491
9878,Catterick Camp,11.0,18.75,24,16.815,GREEN,Primary,7.184999999999999,54.374833,-1.729052
9881,Northallerton,11.0,18.75,24,17.76,GREEN,Primary,6.239999999999998,54.346786,-1.479224
2826869,Romanby,11.0,10.1,8,6.063,AMBER,Primary,1.9370000000000003,54.326785,-1.452923
9882-2,Richmond T2,11.0,24.0,24,3.5,GREEN,Primary,20.5,54.411318,-1.720981
9883,Thirsk,11.0,14.0,14,13.111,AMBER,Primary,0.8889999999999993,54.229896,-1.388612
9884,Wensleydale,11.0,14.0,19,10.502,GREEN,Primary,8.498,54.307973,-1.8506
9845,Kirbymoorside,11.0,24.0,24,9.86,GREEN,Primary,14.14,54.252396,-0.934797
9846,Malton,11.0,32.0,32,23.917,GREEN,Primary,8.082999999999998,54.142032,-0.796355
9849,Sheriff Hutton,11.0,18.75,24,11.619,GREEN,Primary,12.381,54.094416,-1.035702
9865,Thornton Dale,11.0,24.0,19.5,11.641,GREEN,Primary,7.859,54.231049,-0.742153
2522850,Yedingham,11.0,24.0,8,2.884,GREEN,Primary,5.116,54.191177,-0.623701
9841,Campleshon Road,11.0,18.75,24,16.505,GREEN,Primary,7.495000000000001,53.943376,-1.088535
2524256,Elvington,11.0,24.0,20,12.23,GREEN,Primary,7.77,53.924533,-0.949104
9843,Haxby Road T2 T3,11.0,15.0,14,11.2,AMBER,Primary,2.8000000000000007,53.976703,-1.075199
9844,Huntington New Lane,11.0,24.0,24,17.751,GREEN,Primary,6.248999999999999,53.979219,-1.055674
9838-11,Melrosegate 33/11kV,11.0,30.0,32,27.577,GREEN,Primary,4.422999999999998,53.959284,-1.058779
9847,Rawcliffe Lane,11.0,18.75,24,20.111,GREEN,Primary,3.8889999999999993,53.979819,-1.10608
9851,York University,11.0,24.0,24,13.209,GREEN,Primary,10.791,53.949157,-1.044266
9861,Eastfield,11.0,32.0,30.3,19.121,GREEN,Primary,11.179000000000002,54.236995,-0.399549
9862,Newby,11.0,24.0,24,11.946,GREEN,Primary,12.054,54.28903,-0.433352
9863,North Street,11.0,24.0,24,11.323,GREEN,Primary,12.677,54.284206,-0.401065
3363742,Ravenscar,11.0,10.0,8,1.7,GREEN,Primary,6.3,54.394726,-0.487684
9864,Scarborough 33/11kV,11.0,32.0,32,18.82,GREEN,Primary,13.18,54.271551,-0.417966
9866-1,Whitby T1,11.0,24.0,19.1,4.11,GREEN,Primary,14.990000000000002,54.477858,-0.612329
9867-1,Whitby West T1,11.0,24.0,24,4.75,GREEN,Primary,19.25,54.4801,-0.635154
9898,Boroughbridge,11.0,15.0,15,9.933,GREEN,Primary,5.067,54.087042,-1.414002
2822141,Roecliffe Industrial,11.0,24.0,15,9.933,GREEN,Primary,5.067,54.088817,-1.408054
9899,Coneythorpe,11.0,24.0,22,12.517,GREEN,Primary,9.483,54.030411,-1.406702
7129903,Darley,11.0,10.0,8,4.177,GREEN,Primary,3.8230000000000004,54.03223,-1.678496
9902,Ripon,11.0,24.0,24,23.369,AMBER,Primary,0.6310000000000002,54.133502,-1.521689
9897-11,Wormald Green 132/11kV,11.0,30.0,36,8.41,GREEN,BSP,27.59,54.074803,-1.521927
9893-11,Husthwaite 33/11kV,11.0,15.0,15,10.511,GREEN,Primary,4.489000000000001,54.157496,-1.227631
2530198,Sessay Bridge,11.0,24.0,12,9.747,GREEN,Primary,2.253,54.174148,-1.319278
2541519,Sowerby,11.0,24.0,12,9.747,AMBER,Primary,2.253,54.22126,-1.347912
9760,Acklam,11.0,24.0,22.8,17.54,GREEN,Primary,5.260000000000002,54.547729,-1.246387
9785-33-11,Bowesfield 33/11kV,11.0,32.0,32,13.148,GREEN,Primary,18.852,54.552028,-1.318381
9768,Millbank Lane,11.0,18.75,22.8,18.078,GREEN,Primary,4.722000000000001,54.53985,-1.298208
9771,Rudby,11.0,15.0,8.38,4.652,GREEN,Primary,3.7280000000000006,54.462529,-1.274223
9774,Stokesley,11.0,24.0,13.11,7.455,GREEN,Primary,5.654999999999999,54.476615,-1.187789
9796,Urlay Nook,11.0,24.0,48,17.854,GREEN,Primary,30.146,54.524287,-1.378542
9803,Belmont,11.0,32.0,32,22.202,GREEN,Primary,9.797999999999998,54.783402,-1.537572
9805,Durham East,11.0,18.75,22.5,18.909,RED,Primary,3.591000000000001,54.781077,-1.57657
9743,High Flatts,11.0,18.75,24,16.018,GREEN,Primary,7.981999999999999,54.864353,-1.590232
9810-20,Potter House T1 T3,20.0,25.0,28,15.967,GREEN,Primary,12.033,54.799531,-1.590776
9804,Brancepeth,20.0,40.0,28,14.04,GREEN,Primary,13.96,54.719903,-1.707941
9807,Fishburn,20.0,25.0,28,17.416,GREEN,Primary,10.584,54.694747,-1.435449
9808,Low Spennymoor,11.0,24.0,24,0.0,GREEN,Primary,24.0,54.696873,-1.590732
9809,Meadowfield,11.0,24.0,24,12.88,GREEN,Primary,11.12,54.745449,-1.611516
9826,Skerneside,20.0,40.0,34,19.865,GREEN,Primary,14.135000000000002,54.609603,-1.532425
9811-20,Spennymoor 66/20kV,20.0,44.0,44,16.78,GREEN,Primary,27.22,54.706542,-1.557141
9783,Amberton Road,11.0,40.0,40,23.255,GREEN,Primary,16.745,54.696578,-1.214338
9786,Brenda Trading,11.0,32.0,29.4,22.584,GREEN,Primary,6.815999999999999,54.665172,-1.21272
9787-20,Hartmoor 66/20kV,20.0,25.0,28,22.361,GREEN,Primary,5.638999999999999,54.701269,-1.290641
2569052,Peterlee West,11.0,32.0,32,10.619,GREEN,Primary,21.381,54.757072,-1.371598
2541255,Wynyard,11.0,40.0,40,38.2,RED,Primary,1.7999999999999972,54.639668,-1.316904
9806,Eastgate Cement,20.0,25.0,26,9.763,GREEN,Primary,16.237000000000002,54.74192,-2.080027
9821,Fylands Bridge,11.0,18.75,25.2,20.315,GREEN,Primary,4.884999999999998,54.641757,-1.680584
9822,Harmire Bridge,20.0,40.0,28,13.624,GREEN,Primary,14.376,54.553702,-1.916248
9812-20,Toronto 66/20kV,20.0,40.0,40,16.061,GREEN,Primary,23.939,54.673318,-1.702478
9741,Hawthorn Pit,20.0,25.0,28,20.93,GREEN,Primary,7.07,54.80621,-1.397895
9745,Houghton,11.0,24.0,24,16.54,GREEN,Primary,7.460000000000001,54.846149,-1.485985
9746,Peterlee Industrial,11.0,24.0,20,8.43,GREEN,Primary,11.57,54.772762,-1.358864
9747,Shotton,11.0,18.75,24.6,14.373,GREEN,Primary,10.227000000000002,54.765456,-1.355485
9748,Stoney Cut,20.0,25.0,31.9,17.058,GREEN,Primary,14.841999999999999,54.815557,-1.358562
9726,Tunstall,11.0,25.0,30.5,19.256,GREEN,Primary,11.244,54.873045,-1.393533
9721,Mount Road,11.0,24.0,24,20.84,GREEN,Primary,3.16,54.896138,-1.402579
9717-11,Offerton 33/11kV,11.0,32.0,32,17.61,GREEN,Primary,14.39,54.88243,-1.456794
9724,Pallion Trading,11.0,24.0,24,18.072,GREEN,Primary,5.928000000000001,54.909435,-1.423686
9842,Gale Lane,11.0,24.0,24,9.17,GREEN,Primary,14.83,53.949383,-1.126743
2537397,Moor Monkton Pumps,11.0,24.0,8,5.944,AMBER,Primary,2.056,54.010559,-1.198782
9848,Severus Hill,11.0,24.0,24,12.71,GREEN,Primary,11.29,53.95937,-1.118003
9850,Skeldergate,11.0,32.0,32,14.51,GREEN,Primary,17.490000000000002,53.95557,-1.084094
9879,Cowton,11.0,7.5,7.5,1.418,GREEN,Primary,6.082,54.430523,-1.505025
9927-11,Darlington 33/11kV,11.0,18.75,24,15.21,GREEN,Primary,8.79,54.527631,-1.546713
9928-11,Darlington Central 33/11kV,11.0,32.0,32,9.6,GREEN,Primary,22.4,54.526134,-1.540525
9818,Darlington East,11.0,24.0,24,17.119,GREEN,Primary,6.881,54.519269,-1.518136
9646,Ashington,11.0,18.75,24,17.25,GREEN,Primary,6.75,55.171783,-1.569511
9607,Benton Square,11.0,18.75,24,17.637,GREEN,Primary,6.3629999999999995,55.022399,-1.537589
9610-1,Cramlington T1 T3,11.0,18.75,24,11.721,GREEN,Primary,12.279,55.091819,-1.605312
9628-1,Fawdon T1,20.0,25.0,25,19.86,GREEN,Primary,5.140000000000001,55.014836,-1.666832
9611,Seaton Burn T1,20.0,25.0,25,19.86,GREEN,Primary,5.140000000000001,55.062984,-1.632787
9649,Maddison Street,11.0,24.0,24,16.769,GREEN,Primary,7.231000000000002,55.128424,-1.515224
9650,Morpeth,20.0,30.0,28,16.86,GREEN,Primary,11.14,55.163133,-1.673056
9653,Reservoir,20.0,30.0,30,19.183,GREEN,Primary,10.817,55.134371,-1.59111
7189886,Seghill,11.0,32.0,32,10.26,GREEN,Primary,21.740000000000002,55.065571,-1.535087
9655,Wansbeck,11.0,36.0,32,0.31,GREEN,Primary,31.69,55.156512,-1.545422
2771500,West Hartford,11.0,24.0,16,4.62,GREEN,Primary,11.379999999999999,55.106353,-1.596557
9662,Denwick,20.0,25.0,30,22.522,GREEN,Primary,7.4780000000000015,55.440297,-1.670428
9645-20,Linton 66/20kV,20.0,24.0,28,10.188,GREEN,Primary,17.811999999999998,55.228356,-1.605105
9648,Lynemouth,20.0,37.5,38,2.3,GREEN,Primary,35.7,55.20566,-1.534667
9663,Warkworth,20.0,25.0,25,17.22,GREEN,Primary,7.780000000000001,55.346133,-1.657178
9629,Fossway 33/11kV,11.0,24.0,24,16.134,GREEN,Primary,7.866,54.97972,-1.564689
9623-11,Gosforth 33/11kV,11.0,32.0,32,18.06,GREEN,Primary,13.940000000000001,55.009753,-1.605171
9614,Killingworth,11.0,24.0,24,18.606,GREEN,Primary,5.393999999999998,55.034015,-1.580428
9631,Longbenton,11.0,18.75,24,17.317,GREEN,Primary,6.683,55.007196,-1.591165
9612,Flatworth Central,11.0,32.0,32,16.751,GREEN,Primary,15.248999999999999,55.001356,-1.480426
9613,Howdon,11.0,18.75,24,7.545,GREEN,Primary,16.455,54.990914,-1.481839
9617,Willington,11.0,18.75,24,12.85,GREEN,Primary,11.15,55.002928,-1.512389
9608,Billy Mill,11.0,18.75,24,17.111,GREEN,Primary,6.888999999999999,55.015652,-1.474703
9615,Monkseaton,11.0,18.75,24,17.119,GREEN,Primary,6.881,55.042729,-1.470226
9616,Tynemouth Central,11.0,18.75,24,15.756,GREEN,Primary,8.244,55.012756,-1.434407
9693,Garwood Street,11.0,32.0,32,17.576,GREEN,Primary,14.424,54.986229,-1.44306
9697,Jarrow,11.0,18.75,24,6.801,GREEN,Primary,17.198999999999998,54.980148,-1.500172
9698,Simonside,11.0,24.0,24,13.18,GREEN,Primary,10.82,54.973572,-1.464085
9701,Westoe,11.0,24.0,24,10.816,GREEN,Primary,13.184,54.996389,-1.419345
9739-20,Annfield 66/20kV,20.0,25.0,28,21.0,GREEN,Primary,7.0,54.849876,-1.731872
2707936,Consett,20.0,40.0,40,22.965,GREEN,Primary,17.035,54.854434,-1.819507
9749,Tanfield,11.0,32.0,32,13.41,GREEN,Primary,18.59,54.885951,-1.701916
2841083,Newburn Haugh,11.0,30.0,38.1,6.607,GREEN,BSP,31.493000000000002,54.972388,-1.71743
9621-11,Blucher 33/11kV,11.0,24.0,24,14.88,GREEN,Primary,9.12,54.988633,-1.724316
9630,Kenton,11.0,24.0,24,15.85,GREEN,Primary,8.15,55.002569,-1.653298
2805930,Newcastle Airport,11.0,24.0,24,12.002,GREEN,Primary,11.998,55.034953,-1.710055
9636,Westerhope,11.0,18.75,24,11.689,GREEN,Primary,12.311,55.000713,-1.695132
9626,Corporation Street,11.0,18.75,24,15.2,GREEN,Primary,8.8,54.973436,-1.622116
9627,Educational Precinct,11.0,18.75,22.8,16.269,GREEN,Primary,6.531000000000002,54.9794,-1.608136
9676,Gateshead Central,11.0,18.75,22.1,13.912,GREEN,Primary,8.188,54.960373,-1.600786
9633,Pilgrim,11.0,32.0,32,19.161,GREEN,Primary,12.838999999999999,54.971822,-1.608855
9634,University,11.0,32.0,32,21.83,GREEN,Primary,10.170000000000002,54.98168,-1.617402
9672,Bensham,11.0,32.0,32,21.479,GREEN,Primary,10.521,54.952282,-1.622291
9625,Benwell,11.0,40.0,29,18.11,GREEN,Primary,10.89,54.972423,-1.661477
9674,Blaydon Burn,11.0,18.75,24,11.0,GREEN,Primary,13.0,54.962527,-1.726811
9913,Close,11.0,32.0,32,25.237,GREEN,Primary,6.763000000000002,54.965594,-1.614509
9671-20,Dunston 66/20kV,20.0,30.0,28,14.905,GREEN,Primary,13.095,54.95932,-1.659953
9706,Hexham,20.0,37.5,36,21.903,GREEN,Primary,14.097000000000001,54.977102,-2.092023
9709,West Wylam,20.0,30.0,30,18.962,GREEN,Primary,11.038,54.964898,-1.838528
9716,Harraton,11.0,30.0,36,19.592,GREEN,BSP,16.408,54.883965,-1.540401
9673-20,Birtley Grove 66/20kV,20.0,30.0,28,9.59,RED,Primary,18.41,54.900892,-1.584816
9679,Team Valley,20.0,42.0,41,31.365,RED,Primary,9.635000000000002,54.926955,-1.618149
9705,Spadeadam 20kV,20.0,15.0,12,0.0,GREEN,BSP,12.0,55.027412,-2.608331
9817,Aycliffe Industrial,11.0,24.0,19,0.45,GREEN,Primary,18.55,54.611284,-1.564932
9820,Darlington West,11.0,18.75,24,13.691,GREEN,Primary,10.309,54.529742,-1.588504
9823,Heighington,11.0,32.0,29,14.099,GREEN,Primary,14.901,54.592596,-1.579971
9824,Newton Aycliffe South,11.0,18.75,23,14.86,GREEN,Primary,8.14,54.610074,-1.584833
9825,Rise Carr,6.0,18.75,23,10.323,GREEN,Primary,12.677,54.54631,-1.559002
3357866-11,Norton 132/11kV,11.0,40.0,38.1,30.8,GREEN,BSP,7.300000000000001,54.591369,-1.363631
9692,Boldon Downhill,20.0,19.0,25.3,10.68,GREEN,Primary,14.620000000000001,54.937974,-1.452231
7377944,Breamish Street,11.0,30.0,18,10.539,GREEN,Primary,7.461,54.972589,-1.595623
9718,Carley Hill,11.0,18.75,24,16.991,GREEN,Primary,7.009,54.927654,-1.396421
9675,Carr Hill,11.0,18.75,22,17.889,GREEN,Primary,4.111000000000001,54.94386,-1.581201
2889655,Gateshead East,11.0,32.0,34.13,9.32,GREEN,Primary,24.810000000000002,54.965723,-1.584391
9677,Harlow Green,11.0,24.0,18,16.08,AMBER,Primary,1.9200000000000017,54.930423,-1.592515
9694,Hebburn,6.0,10.0,12,3.813,GREEN,Primary,8.187,54.97741,-1.518588
9695,Hebburn West,11.0,24.0,24,2.806,GREEN,Primary,21.194,54.971927,-1.525072
9696,Hedworth,11.0,32.0,32,10.899,GREEN,Primary,21.101,54.958937,-1.487069
9720,High Barmston,11.0,18.75,24,23.333,RED,Primary,0.6670000000000016,54.895815,-1.492531
9725,Sunderland T1 T2,11.0,24.0,24,17.79,RED,Primary,6.210000000000001,54.91139,-1.394004
9699,Temple Park,11.0,18.75,24,15.688,GREEN,Primary,8.312,54.962449,-1.419683
9727,Usworth,11.0,24.0,24,15.815,GREEN,Primary,8.185,54.916381,-1.496779
9635,Walker,11.0,20.0,24,15.213,GREEN,Primary,8.787,54.976382,-1.538277
9700,Wardley,6.0,15.0,19,8.16,GREEN,Primary,10.84,54.959216,-1.530032
9729,West Southwick,11.0,32.0,32,10.9,GREEN,Primary,21.1,54.92133,-1.415705
9784,Billingham Marsh House,11.0,24.0,24,14.622,GREEN,Primary,9.378,54.616027,-1.283952
9763,Faraday Street,11.0,18.75,22,18.867,GREEN,Primary,3.132999999999999,54.569419,-1.248476
9792,Malleable,11.0,32.0,32,17.162,GREEN,Primary,14.838000000000001,54.571666,-1.289038
9780-1,North Tees T1 T2,11.0,30.0,34,16.53,GREEN,Primary,17.47,54.588954,-1.265692
9795,Tees Industrial T1 T2,11.0,18.75,20,13.657,AMBER,Primary,6.343,54.608966,-1.172425
9778,Greatham,11.0,30.0,35,21.918,GREEN,BSP,13.082,54.627929,-1.208483
9761,Carlin How T3 T4,11.0,24.0,24,13.75,GREEN,Primary,10.25,54.562277,-0.909874
9764,Grangetown,11.0,24.0,24,17.425,GREEN,Primary,6.574999999999999,54.581687,-1.14919
9765,Guisborough T1 T2,11.0,24.0,24,16.266,GREEN,Primary,7.734000000000002,54.542486,-1.056927
9769,Prissick,11.0,18.75,22.8,20.644,GREEN,Primary,2.1560000000000024,54.542354,-1.210632
9770,Redcar,11.0,45.0,38.1,27.451,GREEN,Primary,10.649000000000001,54.600258,-1.062155
9773,Spencerbeck,11.0,40.0,38.11,20.711,GREEN,Primary,17.399,54.57184,-1.188935
9717-33,Offerton,33.0,100.0,114,37.805,GREEN,BSP,76.195,54.88243,-1.456794
2810936,Knaresborough,132.0,240.0,240,151.12,GREEN,GSP,88.88,54.031244,-1.48813
3357866-132,Norton,132.0,240.0,864,364.93,GREEN,GSP,499.07,54.591369,-1.363631
301538,Stella South,132.0,240.0,720,251.61,GREEN,GSP,468.39,54.974339,-1.732523
9811-132,Spennymoor GSP,132.0,240.0,576,197.63,GREEN,GSP,378.37,54.706542,-1.557141
7494777,Tynemouth,132.0,240.0,576,152.22,GREEN,GSP,423.78,55.023802,-1.499775
9785-33,Bowesfield,33.0,90.0,108,88.018,GREEN,BSP,19.982,54.552028,-1.318381
9819,Darlington North,33.0,90.0,109,62.748,GREEN,BSP,46.252,54.555464,-1.560742
9875,Leeming Bar,33.0,90.0,141,115.779,GREEN,BSP,25.221000000000004,54.327916,-1.559342
9605,Chirton Grange,33.0,60.0,72,48.0,GREEN,BSP,24.0,55.025829,-1.478545
9621-33,Blucher,33.0,90.0,114,87.213,GREEN,BSP,26.787000000000006,54.988633,-1.724316
9897-33,Wormald Green 132/33kV,33.0,60.0,72,48.139,GREEN,BSP,23.860999999999997,54.074803,-1.521927
9838-33,Melrosegate 132/33kV,33.0,90.0,180,119.212,GREEN,BSP,60.788,53.959284,-1.058779
9620,Barrack Road,33.0,120.0,114,75.096,GREEN,BSP,38.903999999999996,54.97484,-1.62408
9928-33,Darlington Central,33.0,60.0,72,43.8,GREEN,BSP,28.200000000000003,54.526134,-1.540525
9858,Scarborough Grid,33.0,120.0,100,76.27,GREEN,BSP,23.730000000000004,54.264877,-0.414492
9910,Flatworth,33.0,60.0,72,41.904,GREEN,BSP,30.095999999999997,55.00302,-1.481994
9623-33,Gosforth,33.0,90.0,108,93.095,GREEN,BSP,14.905000000000001,55.009753,-1.605171
9893-33,Husthwaite,33.0,45.0,54,27.336,GREEN,BSP,26.664,54.157496,-1.227631
9891-33,Harrogate 132/33kV,33.0,60.0,120,68.794,GREEN,BSP,51.206,54.000992,-1.55462
9739-66,Annfield,66.0,75.0,90.8,57.78,GREEN,BSP,33.019999999999996,54.849876,-1.731872
2594836,Ravensworth,66.0,75.0,90,85.151,RED,BSP,4.849000000000004,54.908805,-1.594931
9670,Coalburns,66.0,75.0,91.3,63.306,GREEN,BSP,27.994,54.939136,-1.810772
9810-66,Potter House 132/66kV,66.0,120.0,86.25,75.838,GREEN,BSP,10.412000000000006,54.799531,-1.590776
9812-66,Toronto,66.0,90.0,108,92.059,GREEN,BSP,15.941000000000003,54.673318,-1.702478
9811-66,Spennymoor 132/66kV,66.0,75.0,188,80.555,GREEN,BSP,107.445,54.706542,-1.557141
9835,Malton Grid,66.0,75.0,82,69.507,GREEN,BSP,12.492999999999995,54.150685,-0.781263
9645-66,Linton,66.0,60.0,72,56.385,GREEN,BSP,15.615000000000002,55.228356,-1.605105
9671-66,Dunston,66.0,150.0,195,88.976,GREEN,BSP,106.024,54.95932,-1.659953
9782,Seal Sands,66.0,90.0,112,35.39,GREEN,BSP,76.61,54.607156,-1.20167
9780-66,North Tees,66.0,150.0,150.6,105.18,GREEN,BSP,45.41999999999999,54.588954,-1.265692
9787-66,Hartmoor,66.0,120.0,120,88.54,GREEN,BSP,31.459999999999994,54.701269,-1.290641
9759,Lackenby,66.0,120.0,306,151.151,GREEN,BSP,154.849,54.567626,-1.133344
9610-2,Cramlington T2 T4,11.0,19.0,24,13.793,GREEN,Primary,10.207,55.091819,-1.605312
9671-11,Dunston 66/11kV,11.0,24.0,24,15.458,GREEN,Primary,8.542,54.95932,-1.659953
9673-11,Birtley Grove 66/11kV,11.0,32.0,30,14.171,RED,Primary,15.829,54.900892,-1.584816
9780-2,North Tees T3 T4,11.0,30.0,36,18.59,GREEN,Primary,17.41,54.588954,-1.265692
9785-66-11,Bowesfield 66/11kV,11.0,32.0,32,14.21,GREEN,Primary,17.79,54.552028,-1.318381
9927-6,Darlington 132/6kV,6.0,30.0,12,3.536,GREEN,BSP,8.464,54.527631,-1.546713
9866-2,Whitby T2,11.0,24.0,19.1,5.75,GREEN,Primary,13.350000000000001,54.477858,-0.612329
9867-2,Whitby West T2,11.0,24.0,24,5.77,GREEN,Primary,18.23,54.4801,-0.635154
9882-1,Richmond T1,11.0,24.0,24,10.563,RED,Primary,13.437,54.411318,-1.720981
9810-11,Potter House T4 T5,11.0,30.0,30,6.316,GREEN,Primary,23.684,54.799531,-1.590776
9725-5,Sunderland T5 T6,11.0,30.0,30,0.0,GREEN,Primary,30.0,54.91139,-1.394004
7344629,Skeeby,33.0,90.0,90,115.779,RED,BSP,-25.778999999999996,54.412965,-1.702096
3337559,Kielder,20.0,4.0,4,0.0,GREEN,Primary,4.0,55.175595,-2.462102
4038610,Orgreave,11.0,23.0,23,9.364,GREEN,Primary,13.636,53.37744,-1.372435
4038573,Revill Lane,11.0,23.0,23,7.216,GREEN,Primary,15.783999999999999,53.359224,-1.368348
4038565,Shirland Lane,11.0,24.0,24,9.582,GREEN,Primary,14.418,53.390611,-1.423419
4038562,Stoke Street,11.0,24.0,24,13.009,GREEN,Primary,10.991,53.390935,-1.43954
4038575,Barnsley,11.0,18.75,21.5,14.245,GREEN,Primary,7.255000000000001,53.554346,-1.47607
4038788,Barugh 66/11kV,11.0,30.0,30,18.9,GREEN,Primary,11.100000000000001,53.572858,-1.518746
4038792-1,Elmhirst Lane 1,11.0,24.0,24,12.584,GREEN,Primary,11.416,53.547075,-1.538091
4038531,Scissett,11.0,18.75,23,16.557,GREEN,Primary,6.443000000000001,53.58919,-1.621963
4038576,Smithy Green,11.0,7.5,7.5,7.027,AMBER,Primary,0.47299999999999986,53.573421,-1.474239
4038574,Woolley,11.0,18.75,23,9.196,GREEN,Primary,13.804,53.596771,-1.53094
4038661-1,Beeston Royds 33/11kV,11.0,18.75,23,5.928,GREEN,Primary,17.072,53.7765,-1.583929
4038654,Gildersome,11.0,23.0,23,15.978,GREEN,Primary,7.022,53.750508,-1.635209
4038665,Hedley Chase,11.0,23.0,23,7.18,GREEN,Primary,15.82,53.795637,-1.571345
4038668,Middleton Town Street,11.0,18.75,23,22.453,RED,Primary,0.5470000000000006,53.751362,-1.545469
4038658,Morley,11.0,18.75,23,12.484,GREEN,Primary,10.516,53.74347,-1.604919
4038664,Tingley,11.0,24.0,24,14.184,GREEN,Primary,9.816,53.731758,-1.573819
4038629,Whitehall Road 4/5,11.0,18.75,19,7.727,GREEN,Primary,11.273,53.794921,-1.553072
4038707,Endike Lane,11.0,23.0,23,11.614,GREEN,Primary,11.386,53.779779,-0.389647
4038711,First Avenue,11.0,24.0,24,18.417,GREEN,Primary,5.582999999999998,53.781337,-0.359359
4038821,Holme Upon Spalding Moor,11.0,24.0,8,6.56,RED,Primary,1.4400000000000004,53.801546,-0.79618
4038701,Norwood,11.0,23.0,23,13.746,GREEN,Primary,9.254,53.850654,-0.424421
4038767,Southgate,11.0,23.0,8,5.466,AMBER,Primary,2.534,53.861861,-0.661182
4038702,Southwood Road,11.0,23.0,23,15.474,GREEN,Primary,7.526,53.77652,-0.425596
4038703,Spark Mill Lane,11.0,23.0,23,15.294,GREEN,Primary,7.7059999999999995,53.836976,-0.417123
4038502,Airedale Road,11.0,18.75,23,10.258,GREEN,Primary,12.742,53.870319,-1.888658
4038796,Bingley 33/11kV,11.0,24.0,23.8,14.838,GREEN,Primary,8.962000000000002,53.852924,-1.840945
4038503,Harden,11.0,23.0,8,4.256,GREEN,Primary,3.7439999999999998,53.833846,-1.86754
4038497-1,Haworth 1,11.0,30.0,30,9.076,GREEN,Primary,20.924,53.838237,-1.938934
4038505,Nabwood,11.0,23.0,23,12.41,GREEN,Primary,10.59,53.833687,-1.811705
4038499,South Street,11.0,23.0,23,9.932,GREEN,Primary,13.068,53.858292,-1.913295
4038570,Blackburn Meadows 33/11kV,11.0,24.0,24,14.28,GREEN,Primary,9.72,53.418771,-1.406461
4038607,BOC Brinsworth,11.0,18.75,23,5.137,GREEN,Primary,17.863,53.411115,-1.386612
4038609,Templeborough 33/11kV,11.0,18.75,23,12.317,GREEN,Primary,10.683,53.417711,-1.381562
4038569,Tinsley Wire Industries,11.0,24.0,24,5.209,GREEN,Primary,18.791,53.408087,-1.407108
4038776,Corringham Road,11.0,23.0,23,14.038,GREEN,Primary,8.962,53.405385,-0.757541
4038601,Epworth,11.0,24.0,10,7.656,GREEN,Primary,2.3440000000000003,53.528575,-0.828988
4038778,Harpswell,11.0,24.0,8,7.82,AMBER,Primary,0.17999999999999972,53.401036,-0.608487
4038605,Haxey,11.0,12.0,8,5.34,GREEN,Primary,2.66,53.485463,-0.812928
4038775,Lea Road,11.0,23.0,15.8,10.46,GREEN,Primary,5.34,53.390686,-0.774264
4038783,Normanby,11.0,12.0,8,5.89,AMBER,Primary,2.1100000000000003,53.381147,-0.457713
4038777,Stow,11.0,24.0,6.5,5.347,AMBER,Primary,1.1529999999999996,53.322549,-0.694592
4038470,Balme Street,11.0,24.0,24,14.776,GREEN,Primary,9.224,53.797373,-1.748445
4038463,Gaisby Lane,11.0,18.75,23,14.241,GREEN,Primary,8.759,53.819855,-1.763681
4038471,Idle,11.0,18.75,23,14.721,GREEN,Primary,8.279,53.825866,-1.734328
4038477,Killinghall Road,11.0,24.0,7.5,0.661,GREEN,Primary,6.839,53.796645,-1.719036
4038468,Manchester Road,11.0,23.0,23,8.89,GREEN,Primary,14.11,53.789175,-1.755086
4038473,Moorside Road,11.0,18.75,23,12.373,GREEN,Primary,10.627,53.814331,-1.722407
4038472,Mount Street,11.0,18.75,23,22.71,AMBER,Primary,0.28999999999999915,53.788362,-1.729183
4038462,Shipley,11.0,24.0,23,10.615,GREEN,Primary,12.385,53.838,-1.766321
4038648,Audby Lane,11.0,23.0,23,17.792,GREEN,Primary,5.207999999999998,53.93307,-1.378944
4038635,Dunkeswick,11.0,12.0,8,6.929,AMBER,Primary,1.0709999999999997,53.918584,-1.533728
4038694,Fenton Lane,11.0,23.0,23,7.355,GREEN,Primary,15.645,53.803659,-1.228655
4038647,Leeds Road,11.0,24.0,8,5.616,GREEN,Primary,2.3840000000000003,53.902627,-1.424049
4038814,Sherburn,11.0,25.0,25,14.488,AMBER,Primary,10.512,53.792685,-1.220257
4038650,Tadcaster,11.0,23.0,23,13.469,GREEN,Primary,9.531,53.877581,-1.264946
4038649,Warren Lane,11.0,23.0,8,4.498,GREEN,Primary,3.502,53.871377,-1.324619
4038720,Holderness,11.0,18.75,23,12.115,GREEN,Primary,10.885,53.773915,-0.26611
4038718,Saltshouse Road,11.0,18.75,23,11.594,GREEN,Primary,11.406,53.778512,-0.294435
4038715,Tiverton Road,11.0,23.0,23,14.005,GREEN,Primary,8.995,53.78949,-0.329914
4038714,Wawne Road,11.0,24.0,24,8.574,GREEN,Primary,15.426,53.802929,-0.332517
4038523,Bailiff Bridge,11.0,24.0,24,7.999,GREEN,Primary,16.001,53.721319,-1.777785
4038525,Brighouse 33/11kV,11.0,12.0,12,10.984,AMBER,Primary,1.016,53.699407,-1.766763
4038528,Deighton,11.0,18.75,23,19.47,GREEN,Primary,3.530000000000001,53.672437,-1.747293
4038787,Lowfields,11.0,24.0,19,5.017,GREEN,Primary,13.983,53.691796,-1.830562
4038795,Millroyd Street,11.0,12.5,15.3,11.557,GREEN,Primary,3.7430000000000003,53.700243,-1.779476
4038474,Snelsins Lane,11.0,18.75,23,11.123,GREEN,Primary,11.877,53.731831,-1.721712
4038757,Drax Primary,11.0,7.5,8,7.97,AMBER,Primary,0.03000000000000025,53.72974,-1.002018
4038602,Crowle,11.0,7.5,6.5,5.05,RED,Primary,1.4500000000000002,53.606105,-0.825784
4038761,Goole,11.0,18.75,23,16.289,GREEN,Primary,6.7109999999999985,53.700927,-0.886414
4038828,Guardian Glass,11.0,30.0,30,3.973,GREEN,Primary,26.027,53.693548,-0.907298
4038759,Rawcliffe,11.0,18.75,8,4.281,GREEN,Primary,3.7190000000000003,53.682823,-0.944762
4038877,Cornwall Street,11.0,30.0,39,16.958,GREEN,BSP,22.042,53.756066,-0.326803
4038598,Armthorpe,11.0,18.75,12,11.006,AMBER,Primary,0.9939999999999998,53.539627,-1.044016
4038696,Askern,11.0,23.0,23,9.376,GREEN,Primary,13.624,53.618883,-1.15965
4038623,Austerfield,11.0,12.5,8,4.581,GREEN,Primary,3.4189999999999996,53.459112,-1.003819
4038591,Balby,11.0,18.75,22.86,11.615,GREEN,Primary,11.245,53.50493,-1.133519
4038586,Barnburgh,11.0,24.0,24,9.531,GREEN,Primary,14.469,53.529669,-1.289184
4038587,Brodsworth,11.0,18.75,23,14.328,GREEN,Primary,8.672,53.564927,-1.209985
4038585,Hickleton,11.0,18.75,23,6.139,GREEN,Primary,16.861,53.543715,-1.29883
4038593,ICI Fibres,11.0,18.75,23,10.263,GREEN,Primary,12.737,53.538276,-1.121914
4038596,Kirk Sandall,11.0,24.0,24,11.518,GREEN,Primary,12.482,53.558535,-1.075828
4038597,Markham Gates,11.0,18.75,23,15.84,GREEN,Primary,7.16,53.5366,-1.073117
4038595,Rockware,11.0,18.75,23,19.38,GREEN,Primary,3.620000000000001,53.554308,-1.086397
4038599,Stainforth,11.0,18.75,23,7.203,GREEN,Primary,15.797,53.594705,-1.019674
4038600,Thorne,11.0,18.75,23,16.61,GREEN,Primary,6.390000000000001,53.63329,-0.933919
4038604,West End Lane,11.0,18.75,23,11.777,GREEN,Primary,11.223,53.480044,-1.088408
4038801,West Moor Park,11.0,24.0,25,17.745,GREEN,Primary,7.254999999999999,53.537745,-1.041213
4038594,Wheatley Park,11.0,18.75,23,8.775,GREEN,Primary,14.225,53.540461,-1.112612
4038589,Belmont Avenue,11.0,23.0,23,18.355,GREEN,Primary,4.645,53.511419,-1.139629
4038588,Bentley,11.0,24.0,24,11.901,GREEN,Primary,12.099,53.558668,-1.141408
4038590,Greyfriars Rd,11.0,23.0,24,9.716,GREEN,Primary,14.284,53.526154,-1.138085
7256105,Greyfriars Road 3/4,11.0,30.0,30,8.433,GREEN,Primary,21.567,53.526049,-1.139236
4038592,Jarratt Street,11.0,23.0,23,20.05,AMBER,Primary,2.9499999999999993,53.51757,-1.130309
4038763,Belthorpe Lane,11.0,24.0,8,4.547,GREEN,Primary,3.4530000000000003,53.981491,-0.79181
4038723,Brett Street,11.0,24.0,24,19.052,GREEN,Primary,4.948,54.089043,-0.204622
4038725,Burton Pidsea,11.0,24.0,9,4.818,GREEN,Primary,4.182,53.774009,-0.09583
4038700,Butterwick,11.0,15.0,6.5,5.08,AMBER,Primary,1.42,54.131403,-0.48916
4038790,Driffield,11.0,24.0,24,16.803,GREEN,Primary,7.196999999999999,53.999307,-0.417046
4038822,Hayton,11.0,12.5,15.3,13.25,GREEN,Primary,2.0500000000000007,53.908293,-0.764206
4038713,Hunmanby,11.0,24.0,24,8.433,GREEN,Primary,15.567,54.188613,-0.326872
4038724,Martongate,11.0,12.5,15.3,12.958,GREEN,Primary,2.3420000000000005,54.103497,-0.182286
4038760,Sandhill Lane,11.0,10.0,8,5.05,GREEN,Primary,2.95,53.917812,-0.898826
4038826,Seaton,11.0,20.0,20,16.962,GREEN,Primary,3.0380000000000003,53.905038,-0.220865
4038683,Commonside Lane,11.0,24.0,24,16.675,GREEN,Primary,7.324999999999999,53.678464,-1.37698
4038680,Normanton,11.0,23.0,23,17.512,GREEN,Primary,5.4879999999999995,53.695065,-1.4286
4038690,Prince of Wales,11.0,23.0,23,10.763,GREEN,Primary,12.237,53.698648,-1.319298
4038681,Sharlston,11.0,23.0,23,11.366,GREEN,Primary,11.634,53.674047,-1.423231
4038685,Wellington Street,11.0,23.0,23,16.766,GREEN,Primary,6.234000000000002,53.725394,-1.364704
4038461,Crown Street,11.0,23.0,8,4.788,GREEN,Primary,3.2119999999999997,53.797297,-1.768317
4038456,Four Lane Ends,11.0,23.0,23,14.317,GREEN,Primary,8.683,53.800047,-1.795636
4038458,Legrams Mill Lane,11.0,18.75,23,9.916,GREEN,Primary,13.084,53.7891,-1.787428
4038467,Rawson Road,11.0,23.0,23,10.994,GREEN,Primary,12.006,53.796457,-1.758811
4038459,Saint Street,11.0,23.0,23,6.48,GREEN,Primary,16.52,53.780436,-1.786943
4038457,Toller Lane,11.0,18.75,23,10.759,GREEN,Primary,12.241,53.810413,-1.791431
4038484,Burnleyville,11.0,23.0,23,13.039,GREEN,Primary,9.961,53.732189,-1.688641
4038481,Liversedge,11.0,18.75,23,10.87,GREEN,Primary,12.13,53.708033,-1.69388
4038810,Nab Lane,11.0,25.0,12,9.359,GREEN,Primary,2.641,53.738118,-1.643317
4038651,White Lee,11.0,23.0,23,11.604,GREEN,Primary,11.396,53.714846,-1.660855
4038501,Denholme,11.0,12.0,6.5,3.845,GREEN,Primary,2.655,53.804868,-1.897743
4038507,Furness Avenue,11.0,23.0,23,12.277,GREEN,Primary,10.723,53.749051,-1.895326
4038508,Gibraltar Road,11.0,24.0,24,15.366,GREEN,Primary,8.634,53.721525,-1.891314
4038514,Queensbury,11.0,24.0,24,14.528,GREEN,Primary,9.472,53.760798,-1.828588
4038510,Swan Bank Lane,11.0,24.0,24,12.309,GREEN,Primary,11.691,53.716902,-1.851945
4038455,Thornton,11.0,18.75,23,12.659,GREEN,Primary,10.341,53.792596,-1.832489
4038728,Easington,11.0,24.0,17,5.445,GREEN,Primary,11.555,53.660368,0.115645
4038721,Hedon Road,11.0,23.0,23,15.732,GREEN,Primary,7.268000000000001,53.744033,-0.245122
4038807,Ottringham Road,11.0,24.0,15,13.062,AMBER,Primary,1.9380000000000006,53.709963,-0.099857
4038726,Patrington Road,11.0,24.0,8,5.29,GREEN,Primary,2.71,53.698921,-0.069244
4038717,Westcott Street,11.0,23.0,23,14.189,GREEN,Primary,8.811,53.75962,-0.305829
4038727,Withernsea,11.0,24.0,10,5.779,GREEN,Primary,4.221,53.726046,0.029292
4038704,Elgar Road,11.0,18.75,23,15.511,GREEN,Primary,7.489000000000001,53.735286,-0.417327
4038698,Gibson Lane,11.0,18.75,23,15.746,GREEN,Primary,7.254,53.721035,-0.532047
4038766-1,Newport 1,11.0,24.0,18.4,16.709,RED,Primary,1.690999999999999,53.765822,-0.696853
4038697,Skillings Lane,11.0,23.0,24,9.708,GREEN,Primary,14.292,53.725152,-0.574284
4038797,Eggborough,11.0,7.5,8,4.44,GREEN,Primary,3.5599999999999996,53.704704,-1.122599
4038692-11,Ferrybridge A 11kV,11.0,30.0,30,22.9,RED,Primary,7.100000000000001,53.719407,-1.271233
4038816,Grimethorpe,11.0,25.0,25,8.375,GREEN,Primary,16.625,53.570499,-1.381732
4038684,Hemsworth,11.0,12.5,10,8.518,RED,Primary,1.4819999999999993,53.635496,-1.370621
4038686,Ledston,11.0,18.75,23,12.123,AMBER,Primary,10.877,53.749569,-1.355538
4038581,Monckton,11.0,12.5,15.3,8.867,GREEN,Primary,6.433,53.608487,-1.432558
4038689,South Kirkby,11.0,18.75,23,19.651,AMBER,Primary,3.349,53.601087,-1.332417
4038738,Convamore Road,11.0,23.0,23,11.295,GREEN,Primary,11.705,53.557727,-0.069377
4038740,Conyard Road,11.0,18.75,23,8.701,GREEN,Primary,14.299,53.562792,-0.03668
4038741,Wesley Crescent,11.0,23.0,23,13.163,GREEN,Primary,9.837,53.546797,-0.032014
4038580,Burton Road,11.0,30.0,22.9,17.462,GREEN,Primary,5.437999999999999,53.570748,-1.43868
4038578,Fish Dam Lane,11.0,24.0,24,10.044,GREEN,Primary,13.956,53.581955,-1.440523
4038579,Stairfoot,11.0,24.0,24,18.6,GREEN,Primary,5.399999999999999,53.55015,-1.440122
4038534,Hope,11.0,18.75,23,4.841,GREEN,Primary,18.159,53.339296,-1.752623
4038533,Penistone,11.0,24.0,24,13.342,GREEN,Primary,10.658,53.521513,-1.616777
4038535,Wheatacre Road,11.0,12.5,8,8.01,RED,Primary,-0.009999999999999787,53.479535,-1.589698
4038782,Barrow,11.0,24.0,11.6,7.269,GREEN,Primary,4.3309999999999995,53.679481,-0.36166
4038786,Clough Lane,11.0,24.0,8,3.302,RED,Primary,4.698,53.65476,-0.247447
4038730,Eastfield Road,11.0,23.0,7,6.53,AMBER,Primary,0.46999999999999975,53.641076,-0.25841
4038731,Humber Road,11.0,23.0,23,11.194,GREEN,Primary,11.806,53.633314,-0.214921
4038732,Queens Road,11.0,40.0,37,21.429,GREEN,Primary,15.571000000000002,53.621854,-0.17674
4038539,Baslow Road,11.0,24.0,24,9.92,GREEN,Primary,14.08,53.320253,-1.524083
4038556,Dronfield,11.0,24.0,24,10.84,GREEN,Primary,13.16,53.300555,-1.464626
4038547,Greenhill,11.0,24.0,10,6.242,GREEN,Primary,3.758,53.325231,-1.484871
4038544,Millhouses,11.0,24.0,24,6.93,GREEN,Primary,17.07,53.345661,-1.495173
4038549,Woodseats,11.0,24.0,24,15.275,GREEN,Primary,8.725,53.339557,-1.479359
4038840,Keighley,11.0,30.0,39,16.96,GREEN,BSP,22.04,53.864827,-1.905964
4038695,Beal,11.0,30.0,16.2,8.21,GREEN,Primary,7.989999999999998,53.706978,-1.20989
4038687,Carr Lane,11.0,18.75,23,13.575,GREEN,Primary,9.425,53.713785,-1.341039
4038688,Smith Street,11.0,23.0,23,7.929,GREEN,Primary,15.071,53.731851,-1.338668
7395321,Pollington,11.0,30.0,8.5,6.676,RED,Primary,1.8239999999999998,53.680694,-1.059951
4038693,Weeland Road,11.0,23.0,21.1,21.04,AMBER,Primary,0.060000000000002274,53.706351,-1.241978
4038624,Abbey Road,11.0,23.0,23,13.161,GREEN,Primary,9.839,53.827995,-1.628348
4038656,Bramley,11.0,18.75,23,17.74,AMBER,Primary,5.260000000000002,53.806708,-1.624187
4038657,Farnley Crescent,11.0,24.0,24,12.6,GREEN,Primary,11.4,53.790529,-1.615564
4038634,Fir Tree Lane,11.0,23.0,23,16.374,GREEN,Primary,6.626000000000001,53.849321,-1.536254
4038625,Iveson House,11.0,18.75,23,13.849,GREEN,Primary,9.151,53.83978,-1.610509
4038626,West Park,11.0,23.0,12,8.418,GREEN,Primary,3.5820000000000007,53.838584,-1.593295
4038659,Whingate,11.0,18.75,23,6.964,GREEN,Primary,16.036,53.796394,-1.602894
4038802,Burley Street,11.0,40.0,34.8,22.654,GREEN,Primary,12.145999999999997,53.800899,-1.562775
4038628,Clarendon Road,11.0,23.0,23,13.828,GREEN,Primary,9.172,53.806147,-1.559987
4038630,Upper Basinghall Street,11.0,24.0,24,14.11,GREEN,Primary,9.89,53.799043,-1.546252
4038637,Burmantofts,11.0,18.75,23,14.01,GREEN,Primary,8.99,53.8027,-1.528707
4038638,Hillcrest,11.0,18.75,23,12.521,GREEN,Primary,10.479,53.81743,-1.514471
4038789,Knostrop,11.0,24.0,24,6.917,GREEN,Primary,17.083,53.78175,-1.49522
4038639,Pontefract Lane 1/2,11.0,23.0,23,12.747,GREEN,Primary,10.253,53.787378,-1.510038
4038643,Selby Road,11.0,18.75,23,14.897,GREEN,Primary,8.103,53.796567,-1.466844
4038641,York Road,11.0,18.75,23,18.838,AMBER,Primary,4.161999999999999,53.801444,-1.500053
4038632,Buslingthorpe Green,11.0,23.0,23,12.279,GREEN,Primary,10.721,53.813923,-1.543069
4038631,Carlton Hill,11.0,18.75,23,18.812,GREEN,Primary,4.187999999999999,53.805504,-1.544611
4038636,Leylands Road,11.0,23.0,23,14.219,GREEN,Primary,8.781,53.802844,-1.534531
4038627,Moor Road,11.0,18.75,23,20.043,AMBER,Primary,2.9570000000000007,53.827954,-1.581963
4038515,Dowker Street,11.0,23.0,24,12.489,GREEN,Primary,11.511,53.641157,-1.824799
4038522,Grove Street,11.0,23.0,23,10.92,GREEN,Primary,12.08,53.643284,-1.787754
4038517,Honley,11.0,24.0,24,10.764,GREEN,Primary,13.236,53.603715,-1.801587
4038512,Meltham,11.0,23.0,23,9.161,GREEN,Primary,13.839,53.59585,-1.83806
4038516,Oakes Road,11.0,24.0,24,15.371,GREEN,Primary,8.629,53.654313,-1.824772
4038511,Prospect Road,11.0,23.0,23,19.77,GREEN,Primary,3.2300000000000004,53.64764,-1.839828
4038506,Slaithwaite,11.0,24.0,24,7.363,GREEN,Primary,16.637,53.614195,-1.903261
7096966,Armouries Drive,11.0,30.0,30,9.528,GREEN,Primary,20.472,53.790669,-1.529957
4038670,Brookfield Street,11.0,23.0,23,10.262,GREEN,Primary,12.738,53.787082,-1.532482
4038669,Clarence Road,11.0,30.0,22.86,11.49,GREEN,Primary,11.37,53.792918,-1.534735
4038667,Holbeck,11.0,23.0,23,17.038,GREEN,Primary,5.962,53.787054,-1.549247
4038671,Leasowe Road,11.0,23.0,23,11.278,GREEN,Primary,11.722,53.772435,-1.52415
4038672,Stourton 33/11kV,11.0,18.75,19.4,15.482,AMBER,Primary,3.9179999999999993,53.765013,-1.495256
4038831,Sweet Street,11.0,30.0,30,11.075,GREEN,Primary,18.925,53.788932,-1.556162
7322111,Whitehall Road 2/3,11.0,30.0,30,6.44,GREEN,Primary,23.56,53.795222,-1.553217
4038488,Bramhope,11.0,24.0,8,3.391,GREEN,Primary,4.609,53.882559,-1.625441
4038475,Chevin End,11.0,30.0,30,7.927,GREEN,Primary,22.073,53.891452,-1.719565
4038478,Hallam Street,11.0,24.0,23,10.748,GREEN,Primary,12.252,53.873174,-1.713294
4038464,Kirk Drive,11.0,23.0,23,19.916,GREEN,Primary,3.0839999999999996,53.852203,-1.762801
4038483,North Avenue,11.0,18.75,23,12.045,GREEN,Primary,10.955,53.909099,-1.689317
4038823,Pool,11.0,24.0,23.3,8.165,GREEN,Primary,15.135000000000002,53.90231,-1.64425
4038736,Doughty Road,11.0,24.0,20.9,17.5,GREEN,Primary,3.3999999999999986,53.562503,-0.082525
4038739,Marsden Road,11.0,24.0,18,15.2,AMBER,Primary,2.8000000000000007,53.574433,-0.056578
4038550,Blue Boy Street,11.0,24.0,24,10.345,GREEN,Primary,13.655,53.386932,-1.475635
4038545,Crookesmoor Road,11.0,23.0,24,16.652,GREEN,Primary,7.347999999999999,53.387205,-1.490282
4038537,Loxley Road,11.0,24.0,8,3.059,GREEN,Primary,4.941,53.410536,-1.565099
4038546,Penistone Road,11.0,23.0,20.2,8.32,GREEN,Primary,11.879999999999999,53.397012,-1.488063
4038543,Rawson Spring Road,11.0,23.0,20.2,12.501,GREEN,Primary,7.699,53.411259,-1.495573
4038540,Stannington Road,11.0,23.0,24,15.433,GREEN,Primary,8.567,53.398512,-1.51246
4038561,Gleadless Valley,11.0,24.0,24,10.374,GREEN,Primary,13.626,53.346695,-1.443255
4038541,Marmion Road,11.0,24.0,24,22.89,AMBER,Primary,1.1099999999999994,53.362176,-1.507344
4038559,Norfolk Park,11.0,24.0,24,15.465,GREEN,Primary,8.535,53.366291,-1.44816
4038805,Saxon Road,11.0,24.0,24,10.99,GREEN,Primary,13.01,53.359528,-1.476143
4038538,Snaithing Park Road,11.0,24.0,24,11.01,GREEN,Primary,12.99,53.372446,-1.533301
4038753,Olympia Mills,11.0,30.0,30,15.94,GREEN,Primary,14.06,53.785757,-1.05174
4038752,Selby,11.0,30.0,29,23.2,GREEN,Primary,5.800000000000001,53.768936,-1.064341
4038762,Thorpe Road,11.0,24.0,24,17.899,GREEN,Primary,6.100999999999999,53.7537,-0.844553
4038853,Park Street,11.0,30.0,39,13.538,GREEN,BSP,25.462,53.432554,-1.3735
7256106,Barnsley Road,11.0,30.0,30,9.944,GREEN,Primary,20.055999999999997,53.411102,-1.453738
4038560,Bellhouse Road,11.0,23.0,23,11.231,GREEN,Primary,11.769,53.426053,-1.444101
4038563,Newhall Road,11.0,24.0,24,17.189,GREEN,Primary,6.811,53.400156,-1.437191
4038555,Stanley Street,11.0,24.0,24,14.521,GREEN,Primary,9.479,53.388452,-1.465306
4038564,Stevenson Road,11.0,24.0,19.4,9.504,GREEN,Primary,9.895999999999999,53.395227,-1.436835
4038854,Rawmarsh Road 1_2,11.0,30.0,39,23.239,GREEN,BSP,15.761,53.436429,-1.356075
4038486,Rodley Lane,11.0,12.5,15.3,13.428,AMBER,Primary,1.8719999999999999,53.824262,-1.666195
4038653,Swinnow Moor,11.0,18.75,23,14.096,GREEN,Primary,8.904,53.801643,-1.645134
4038479,Thornbury,11.0,18.75,23,14.085,GREEN,Primary,8.915,53.798569,-1.710114
4038485,Varley Street,11.0,18.75,23,14.477,GREEN,Primary,8.523,53.803819,-1.667479
4038815,Ellifoot Lane,11.0,25.0,2.1,2.38,RED,Primary,-0.2799999999999998,53.738461,-0.139321
4038809,Yorkshire Water Hull Road,11.0,24.0,23,6.686,GREEN,Primary,16.314,53.744252,-0.237718
4038773,Firth Brown,11.0,24.0,24,11.271,GREEN,Primary,12.729,53.5936,-0.616264
4038779,Hibaldstow,11.0,12.5,15.3,9.759,GREEN,Primary,5.541,53.487644,-0.583826
4038781,Pasture Road South,11.0,24.0,20,9.632,GREEN,Primary,10.368,53.688229,-0.422688
4038774,South Ferriby,11.0,30.0,21,15.253,GREEN,Primary,5.747,53.671361,-0.53163
7378946,Wrawby,11.0,30.0,30,17.598,GREEN,Primary,12.402000000000001,53.559765,-0.453356
4038875,Sculcoates A,11.0,30.0,39,24.585,GREEN,BSP,14.415,53.762567,-0.344676
4038791,Billet Lane,11.0,24.0,24,12.152,GREEN,Primary,11.848,53.616289,-0.665151
4038768,Flixborough,11.0,24.0,24,17.885,RED,Primary,6.114999999999998,53.618675,-0.69528
4038770,Foxhills,11.0,24.0,18,15.843,GREEN,Primary,2.157,53.612566,-0.663886
4038772,Bottesford,11.0,18.75,22.86,12.291,GREEN,Primary,10.568999999999999,53.560318,-0.637585
4038769,Bridges Road,11.0,23.0,23,14.125,GREEN,Primary,8.875,53.571461,-0.668238
4038554,Arundel Street,11.0,24.0,24,17.692,AMBER,Primary,6.308,53.375617,-1.469963
4038551,Ellin Street 1/3,11.0,24.0,40.8,15.076,GREEN,Primary,25.723999999999997,53.373364,-1.47496
4038568,Mansfield Road,11.0,24.0,16,11.241,GREEN,Primary,4.759,53.354769,-1.40899
4038557,Park Hill,11.0,24.0,24,13.206,GREEN,Primary,10.794,53.381903,-1.458967
4038553,Silver Street,11.0,24.0,24,12.635,GREEN,Primary,11.365,53.384347,-1.471753
4038548,Victoria Street,11.0,24.0,24,19.123,GREEN,Primary,4.876999999999999,53.380857,-1.481823
4038489,Barnoldswick,11.0,12.5,15.3,10.129,GREEN,Primary,5.171000000000001,53.924291,-2.183352
4038498,Bolton Road,11.0,12.5,15.3,6.967,GREEN,Primary,8.333000000000002,53.916778,-1.93318
4038500,Chelker Reservoir,11.0,24.0,8,4.041,GREEN,Primary,3.9589999999999996,53.95777,-1.908381
4038493,Cracoe,11.0,10.0,12.5,6.992,GREEN,Primary,5.508,54.046934,-2.028904
4038496,Crosshills,11.0,12.5,15.3,10.98,GREEN,Primary,4.32,53.895911,-1.978712
4038504,Ilkley,11.0,18.75,23,12.809,GREEN,Primary,10.191,53.926955,-1.835682
4038491,Ings Lane,11.0,23.0,8,6.36,AMBER,Primary,1.6399999999999997,53.956246,-2.035152
4038490,Salterforth,11.0,12.5,15.3,10.105,GREEN,Primary,5.195,53.909061,-2.16483
7096982,Skipton,11.0,30.0,19.2,13.677,GREEN,Primary,5.523,53.957359,-2.003234
4038492,Hebden Bridge,11.0,7.5,7.5,3.213,GREEN,Primary,4.287,53.739656,-2.030044
4038495,Mytholmroyd,11.0,12.5,15.3,9.822,GREEN,Primary,5.4780000000000015,53.734786,-1.997558
4038793,Salterhebble,11.0,24.0,24,17.588,GREEN,Primary,6.411999999999999,53.696493,-1.856284
4038806,Sowerby Bridge 33/11kV,11.0,24.0,23,17.065,GREEN,Primary,5.934999999999999,53.708776,-1.924042
4038804,Todmorden,11.0,24.0,23,12.767,GREEN,Primary,10.233,53.70877,-2.103259
4038520,Birkby,11.0,24.0,24,12.096,GREEN,Primary,11.904,53.655458,-1.791367
4038527,Dalton,11.0,24.0,24,14.22,GREEN,Primary,9.78,53.654037,-1.749997
4038521,Folly Hall,11.0,24.0,24,13.411,GREEN,Primary,10.589,53.638313,-1.787958
4038524,Saint Andrews Road 33/11kV,11.0,23.0,23,12.5,GREEN,Primary,10.5,53.650776,-1.773182
4038518,Yew Green Road,11.0,24.0,23,11.599,GREEN,Primary,11.401,53.635075,-1.801211
4038812,Dudley Hill,11.0,25.0,30,17.315,GREEN,Primary,12.684999999999999,53.774876,-1.727335
4038466,Low Moor,11.0,23.0,23,17.384,GREEN,Primary,5.616,53.75474,-1.762327
4038465,Odsal,11.0,23.0,23,16.225,GREEN,Primary,6.774999999999999,53.763769,-1.762315
4038469,Spring Mill Street,11.0,23.0,23,15.206,GREEN,Primary,7.7940000000000005,53.782774,-1.753178
4038476,Tong Street,11.0,18.75,23,12.296,GREEN,Primary,10.704,53.770518,-1.719853
4038460,Wibsey,11.0,18.75,23,12.684,GREEN,Primary,10.316,53.769132,-1.784378
4000000,Stourton 132/11kV,11.0,30.0,12,11.276,RED,BSP,0.7240000000000002,53.764824,-1.494462
4038611,Fullerton Road,11.0,24.0,24,11.633,GREEN,Primary,12.367,53.416325,-1.366983
4038655,Batley,11.0,18.75,22.9,22.664,RED,Primary,0.2359999999999971,53.707061,-1.627318
4038652,Calder Wharf,11.0,18.75,23,14.933,GREEN,Primary,8.067,53.679422,-1.654451
4038660,Denby Grange,11.0,23.0,8,3.182,GREEN,Primary,4.818,53.633176,-1.593757
4038529,Hazlehead,11.0,24.0,24,10.284,GREEN,Primary,13.716,53.540239,-1.734218
4038666,Horbury,11.0,24.0,23,10.935,GREEN,Primary,12.065,53.664506,-1.567556
4038530,Mirfield,11.0,24.0,23,14.732,GREEN,Primary,8.268,53.67049,-1.692103
4038799,Park Road,11.0,18.75,23,15.766,GREEN,Primary,7.234,53.684762,-1.632296
4038526,Scholes,11.0,24.0,24,11.277,GREEN,Primary,12.723,53.563066,-1.757849
4038819,Beighton,11.0,25.0,25,16.365,GREEN,Primary,8.635000000000002,53.356932,-1.3272
4038621,Costhorpe,11.0,12.5,10,6.565,AMBER,Primary,3.4349999999999996,53.36966,-1.126776
4038619,Dinnington,11.0,30.0,30,16.394,GREEN,Primary,13.606000000000002,53.375271,-1.221966
4038603,Edlington,11.0,18.75,23,16.073,GREEN,Primary,6.927,53.484866,-1.182996
4038572,Hackenthorpe,11.0,24.0,24,12.86,GREEN,Primary,11.14,53.350324,-1.38449
4038616,Kiveton Park,11.0,12.5,15.3,8.941,GREEN,Primary,6.359,53.334478,-1.259867
4038615,Mexborough 1_2,11.0,24.0,24,18.035,GREEN,Primary,5.965,53.493265,-1.26399
4038617,New Orchard Lane,11.0,18.75,23,14.998,RED,Primary,8.002,53.40221,-1.254052
4038614,Silverwood,11.0,18.75,23,14.545,GREEN,Primary,8.455,53.440495,-1.279235
4038676,Denby Dale Road,11.0,24.0,24,10.87,GREEN,Primary,13.13,53.664464,-1.508047
4038674,Durkar Low Lane,11.0,18.75,24,16.672,GREEN,Primary,7.327999999999999,53.648308,-1.511993
4038678,Woodcock Street,11.0,23.0,20.2,13.04,GREEN,Primary,7.16,53.667211,-1.486039
4038677,York Street,11.0,23.0,23,17.412,GREEN,Primary,5.588000000000001,53.686101,-1.498884
4038673,Alverthorpe Road,11.0,18.75,23,14.585,GREEN,Primary,8.415,53.682378,-1.519703
4038785,Kenmore Road,11.0,24.0,24,16.55,GREEN,Primary,7.449999999999999,53.717238,-1.520547
4038662,Milton Place,11.0,18.75,23,16.145,GREEN,Primary,6.855,53.68499,-1.579283
4038675,Outwood,11.0,18.75,23,19.676,AMBER,Primary,3.3240000000000016,53.717998,-1.510715
4038679,Royds Lane,11.0,23.0,23,13.601,GREEN,Primary,9.399,53.746313,-1.475411
4038808,Aldham,11.0,25.0,25,13.103,AMBER,Primary,11.897,53.533466,-1.416723
4038800,Dearne Road,11.0,24.0,24,12.86,AMBER,Primary,11.14,53.511175,-1.330238
4038558,Ecclesfield,11.0,18.75,23,13.385,AMBER,Primary,9.615,53.444397,-1.45213
4038582,Elsecar,11.0,18.75,23,8.444,AMBER,Primary,14.556,53.496285,-1.412932
4038583,Houghton Main,11.0,12.5,15.3,7.655,AMBER,Primary,7.6450000000000005,53.547067,-1.363933
7393498,Kilnhurst,11.0,30.0,30,16.567,AMBER,Primary,13.433,53.46786,-1.316816
4038552,Tankersley Park,11.0,18.75,23,19.573,AMBER,Primary,3.4269999999999996,53.478214,-1.470498
4038584,Wath Upon Dearne,11.0,30.0,24,13.159,AMBER,Primary,10.841,53.502993,-1.329914
4038577,Worsbrough Park,11.0,18.75,23,15.633,AMBER,Primary,7.367000000000001,53.51748,-1.461613
4038646,Barwick,11.0,23.0,23,12.664,GREEN,Primary,10.336,53.817488,-1.434463
4038682,Ninelands Lane,11.0,23.0,23,13.393,GREEN,Primary,9.607,53.792644,-1.376042
4038642,Oakwood Lane,11.0,18.75,23,9.975,GREEN,Primary,13.025,53.815842,-1.490346
4038640,Roman Avenue,11.0,18.75,23,12.319,GREEN,Primary,10.681,53.847085,-1.50875
4038644,Seacroft,11.0,23.0,23,11.049,GREEN,Primary,11.951,53.826812,-1.462769
4038645,Sledmere Garth,11.0,18.75,23,5.207,GREEN,Primary,17.793,53.825647,-1.447335
4038566,Tinsley Park Road,11.0,24.0,24,17.085,AMBER,Primary,6.914999999999999,53.398727,-1.417212
4038829,Waverley Business Park,11.0,40.0,38,8.51,GREEN,Primary,29.490000000000002,53.384689,-1.378259
7208979,Shepcote Tinsley,11.0,30.0,30,1.753,GREEN,Primary,28.247,53.402925,-1.406689
4038744,Belmont Covert,11.0,24.0,8,3.621,GREEN,Primary,4.379,53.338088,-0.160653
4038729,Caistor,11.0,12.0,9.5,6.4,GREEN,Primary,3.0999999999999996,53.499604,-0.321014
4038747,Grainthorpe,11.0,7.5,7.5,5.204,GREEN,Primary,2.2960000000000003,53.442602,0.09517
4038811,Keddington Road,11.0,25.0,12,6.79,GREEN,Primary,5.21,53.377176,0.015109
4038746,Louth,11.0,23.0,23,19.866,GREEN,Primary,3.1340000000000003,53.382033,-0.012377
4038745,North Thoresby,11.0,24.0,8,4.211,GREEN,Primary,3.7889999999999997,53.45421,-0.072885
4038748,South Reston,11.0,24.0,8,3.748,GREEN,Primary,4.252,53.323075,0.112967
4038820,Walesby,11.0,24.0,8,6.06,AMBER,Primary,1.9400000000000004,53.395613,-0.320049
4038734,BTP,11.0,18.75,23,15.573,GREEN,Primary,7.427,53.581978,-0.10766
4038733,Great Coates,11.0,23.0,23,18.014,GREEN,Primary,4.986000000000001,53.575073,-0.128627
4038735,Scartho,11.0,18.75,23,19.02,GREEN,Primary,3.9800000000000004,53.53475,-0.099919
4038892,Yarborough Road 33/11kV,11.0,24.0,23,13.112,GREEN,Primary,9.888,53.565336,-0.109445
4038716,Alfred Gelder Street,11.0,24.0,24,13.75,GREEN,Primary,10.25,53.745048,-0.331316
4038712,Clarendon Street,11.0,18.75,23,15.246,GREEN,Primary,7.754,53.745939,-0.353152
4038706,County Road North,11.0,23.0,23,15.104,GREEN,Primary,7.896000000000001,53.757311,-0.392771
4038705-1,Hessle Road 1,11.0,23.0,23,5.963,GREEN,Primary,17.037,53.728861,-0.396186
4038708,National Avenue,11.0,24.0,24,7.966,GREEN,Primary,16.034,53.755104,-0.382819
4038709,Plangeo,11.0,24.0,24,14.041,GREEN,Primary,9.959,53.740104,-0.375797
4038710,West Docks,11.0,23.0,23,13.299,GREEN,Primary,9.701,53.730583,-0.374673
7096973,Keadby,132.0,240.0,590,278.08,GREEN,GSP,311.92,53.597234,-0.749868
7096988-1,West Melton / Thorpe Marsh,132.0,120.0,696,381.4,GREEN,GSP,314.6,53.502047,-1.378108
7096988-3,West Melton Section 3,132.0,180.0,418,212.2,GREEN,GSP,205.8,53.502047,-1.378108
4038692-66,Ferrybridge A,66.0,180.0,198,85.5,GREEN,BSP,112.5,53.719407,-1.271233
4038899,Doncaster B/Thorpe Marsh,66.0,120.0,223,136.341,GREEN,BSP,86.65899999999999,53.525785,-1.14708
4038847,Attercliffe,33.0,72.0,69,44.91,GREEN,BSP,24.090000000000003,53.390859,-1.427075
4038848,Blackburn Meadows B,33.0,60.0,78,31.1,GREEN,BSP,46.9,53.418848,-1.40248
4038851,Doncaster Central,33.0,90.0,117,28.644,GREEN,BSP,88.356,53.52657,-1.138541
4038849,Barugh 132/66kV,66.0,75.0,98,65.06,GREEN,BSP,32.94,53.573441,-1.519187
4038896,Hunshelf,66.0,60.0,156,73.677,GREEN,BSP,82.323,53.495851,-1.60496
4038865,Wakefield Monckton Road,33.0,90.0,117,48.93,GREEN,BSP,68.07,53.666046,-1.509663
4038841,Bingley 132/33kV,33.0,90.0,117,52.915,GREEN,BSP,64.08500000000001,53.852924,-1.840945
4038834,Bradford,33.0,90.0,117,80.781,GREEN,BSP,36.218999999999994,53.80252,-1.752631
4038833,Girlington,33.0,90.0,117,51.44,GREEN,BSP,65.56,53.795488,-1.79043
4038842,Holmfield,33.0,90.0,117,73.097,GREEN,BSP,43.903000000000006,53.750682,-1.874827
4038836,Menston,33.0,90.0,117,53.231,GREEN,BSP,63.769,53.884952,-1.725661
4038839,Silsden,33.0,54.0,108,88.121,GREEN,BSP,19.879000000000005,53.90896,-1.923621
4038873,Beverley 132/33kV,33.0,90.0,103.5,81.21,GREEN,BSP,22.290000000000006,53.820999,-0.41555
4038878,Bransholme,33.0,90.0,117,44.929,GREEN,BSP,72.071,53.789597,-0.305036
4038871,Hull West,33.0,108.0,117,49.082,GREEN,BSP,67.918,53.723061,-0.462966
4038874,Hull South,33.0,108.0,117,73.53,GREEN,BSP,43.47,53.732767,-0.379709
4038846,Brighouse 132/33kV,33.0,90.0,117,67.37,GREEN,BSP,49.629999999999995,53.699062,-1.767527
4038844,Lindley,33.0,90.0,117,66.27,GREEN,BSP,50.730000000000004,53.655311,-1.828296
4038897,Sowerby Bridge 132/33kV,33.0,90.0,117,65.511,GREEN,BSP,51.489000000000004,53.708652,-1.923183
4038862,Thornhill 132kV,33.0,90.0,114,86.848,GREEN,BSP,27.152,53.677611,-1.653325
4038861,Bramham,33.0,90.0,117,63.131,GREEN,BSP,53.869,53.871854,-1.327696
4038868,Featherstone,33.0,108.0,117,76.4,GREEN,BSP,40.599999999999994,53.686385,-1.384838
4038869,Kirkhaw Lane,33.0,90.0,117,51.614,GREEN,BSP,65.386,53.719887,-1.276782
4038860,Whinmoor,33.0,108.0,117,64.04,GREEN,BSP,52.959999999999994,53.833682,-1.459228
4038884,Humberston,33.0,90.0,117,30.455,GREEN,BSP,86.545,53.535669,-0.048852
4038881,Immingham,33.0,90.0,117,68.087,GREEN,BSP,48.913,53.615164,-0.192429
4038883,Moss Road,33.0,45.0,59,36.567,GREEN,BSP,22.433,53.563121,-0.080851
4038882,Yarborough Road 132/33kV,33.0,90.0,117,57.3,GREEN,BSP,59.7,53.565885,-0.108887
4038891,Blyton,33.0,60.0,78,47.666,GREEN,BSP,30.334000000000003,53.435738,-0.713788
4038885,Wold Newton,33.0,90.0,99,47.169,GREEN,BSP,51.831,53.478728,-0.169591
7096967,Beeston Royds 132/33kV,33.0,90.0,228,103.97,GREEN,BSP,124.03,53.775884,-1.583812
7096978,Saltend North,132.0,180.0,216,98.56,GREEN,GSP,117.44,53.742735,-0.238201
4038837,Heckmondwike,33.0,90.0,52,48.742,GREEN,BSP,3.2580000000000027,53.711371,-1.679987
4038858,Leeds North,33.0,90.0,117,60.18,GREEN,BSP,56.82,53.813722,-1.541528
4038900,Low Road,33.0,120.0,228,81.842,GREEN,BSP,146.15800000000002,53.780045,-1.523301
4038838,Rodley,33.0,108.0,117,69.999,GREEN,BSP,47.001000000000005,53.82118,-1.664106
4038845,Saint Andrews Road 132/33kV,33.0,108.0,71,61.985,GREEN,BSP,9.015,53.651077,-1.772692
4038866,Wakefield North,33.0,90.0,104,71.62,GREEN,BSP,32.379999999999995,53.70603,-1.498883
4038661-6,Beeston Royds 6/7,11.0,40.0,26,21.248,RED,Primary,4.751999999999999,53.7765,-1.583929
4038705-2,Hessle Road 2,11.0,23.0,23,10.679,GREEN,Primary,12.321,53.728861,-0.396186
4038792-2,Elmhirst Lane 2,11.0,24.0,24,11.56,GREEN,Primary,12.44,53.547075,-1.538091
4038766-2,Newport 2,11.0,24.0,18.4,5.881,GREEN,Primary,12.518999999999998,53.765822,-0.696853
4038888,Scunthorpe South,33.0,108.0,112,27.572,GREEN,BSP,84.428,53.575306,-0.622667
4038497-2,Haworth 2,11.0,30.0,30,3.694,GREEN,Primary,26.306,53.838237,-1.938934
7558610,Halifax 132/33kV,33.0,60.0,72,38.64,GREEN,BSP,33.36,53.72608,-1.85793
