ONS,Local Authority,2009,2010,2011,2012,2013,2014,2015,2016,2017,2018,2019,2020,2021,2022
S12000033,Aberdeen City,0,0,2,2,3,4,4,4,6,9,9,10,13,15
S12000034,Aberdeenshire,5,18,34,50,65,78,124,156,174,203,223,248,276,291
E07000223,Adur,0,0,0,0,0,0,0,0,0,0,0,0,0,0
E07000026,Allerdale,0,1,3,16,19,23,26,29,33,37,39,41,44,50
E07000032,Amber Valley,0,3,7,7,9,10,12,14,15,16,21,23,27,30
S12000041,Angus,0,6,7,10,16,23,26,29,31,35,40,46,53,58
S12000035,Argyll and Bute,4,9,18,33,40,43,46,53,64,71,75,80,87,93
E07000224,Arun,0,0,1,2,3,3,4,5,5,5,6,8,11,11
E07000170,Ashfield,1,1,1,1,1,1,3,3,5,5,5,5,5,7
E07000105,Ashford,2,5,8,12,13,17,20,25,28,28,31,35,42,50
E07000200,Babergh,1,4,5,6,7,14,17,17,21,24,27,33,36,41
E09000002,Barking and Dagenham,0,0,0,0,0,0,0,0,0,0,0,0,0,1
E09000003,Barnet,0,0,0,0,0,0,1,2,2,2,2,3,4,5
E08000016,Barnsley,1,1,2,5,8,10,14,18,21,25,29,33,37,39
E07000027,Barrow-in-Furness,0,0,2,3,3,3,3,3,3,4,4,4,4,4
E07000066,Basildon,0,0,0,0,0,0,1,2,2,3,4,4,5,5
E07000084,Basingstoke and Deane,1,3,4,7,9,10,16,21,25,28,30,33,37,46
E07000171,Bassetlaw,0,2,5,6,9,10,33,40,42,45,48,53,54,56
NA,Bath and North East Somerset,0,2,8,11,13,15,17,20,22,24,26,30,36,41
E06000055,Bedford,1,3,5,7,7,7,11,12,15,17,21,21,26,30
E09000004,Bexley,0,1,1,1,1,1,1,1,1,1,1,1,1,1
E08000025,Birmingham,2,2,2,3,4,4,5,6,7,7,7,8,8,10
E07000129,Blaby,0,0,0,1,3,4,4,5,7,7,7,7,8,9
NA,Blackburn with Darwen,1,1,1,3,4,4,4,5,5,5,5,8,8,8
E06000009,Blackpool,0,0,0,0,0,0,0,0,0,0,0,0,1,1
W06000019,Blaenau Gwent,0,0,0,0,0,0,0,0,0,0,0,0,0,0
E07000033,Bolsover,0,0,1,1,1,1,3,3,3,3,6,7,8,8
E08000001,Bolton,1,2,3,4,5,5,6,6,6,6,6,6,7,8
E07000136,Boston,0,1,5,7,8,8,10,10,11,12,12,13,14,15
E06000058,"Bournemouth, Christchurch and Poole",0,0,1,1,2,2,3,3,3,3,3,4,5,5
NA,Bracknell Forest,0,0,0,0,0,0,0,1,1,1,1,2,2,3
E08000032,Bradford,2,7,13,17,21,23,25,29,34,37,38,42,51,59
E07000067,Braintree,2,4,6,8,9,12,14,17,19,19,21,22,23,29
E07000143,Breckland,1,5,15,30,45,56,68,73,80,89,94,96,102,105
E09000005,Brent,0,0,0,0,0,0,2,2,2,3,3,3,3,3
E07000068,Brentwood,0,0,1,2,2,2,2,2,3,5,6,6,6,8
W06000013,Bridgend,0,1,1,1,2,2,3,4,4,4,4,4,5,8
NA,Brighton and Hove,0,0,0,0,1,1,1,2,3,4,4,6,6,6
NA,"Bristol, City of",0,0,1,1,1,1,1,1,1,1,1,2,2,3
E07000144,Broadland,3,14,19,22,25,29,35,43,50,51,54,58,60,63
E09000006,Bromley,0,0,3,5,5,6,7,7,7,7,7,8,9,11
E07000234,Bromsgrove,1,2,4,6,9,15,19,21,28,30,35,35,39,40
E07000095,Broxbourne,0,0,0,0,0,0,0,0,0,0,1,1,1,1
E07000172,Broxtowe,0,0,0,0,0,0,0,1,1,2,3,3,3,3
E06000060,Buckinghamshire,6,20,35,43,49,66,84,97,109,115,128,138,157,178
E07000117,Burnley,0,0,1,3,3,3,3,5,5,5,5,5,5,6
E08000002,Bury,0,0,0,0,0,0,1,1,2,3,4,5,6,9
W06000018,Caerphilly,0,1,2,2,3,4,5,5,6,6,6,6,7,9
E08000033,Calderdale,0,2,9,11,14,18,21,24,30,35,38,41,53,61
E07000008,Cambridge,4,5,5,5,5,5,6,7,9,9,10,10,11,11
E09000007,Camden,0,0,0,0,1,2,3,4,4,4,5,5,5,5
E07000192,Cannock Chase,0,1,1,1,1,1,1,2,3,3,3,3,5,5
E07000106,Canterbury,2,4,4,4,7,7,8,11,12,12,15,15,17,18
W06000015,Cardiff,0,0,0,0,0,1,1,1,4,4,4,5,5,7
E07000028,Carlisle,0,2,7,10,10,11,18,19,22,25,28,30,33,35
W06000010,Carmarthenshire,0,10,25,39,52,66,88,101,114,124,137,157,179,216
E07000069,Castle Point,0,0,0,0,0,0,0,0,0,0,0,0,0,0
E06000056,Central Bedfordshire,1,1,6,9,11,14,16,22,24,25,27,32,35,38
W06000008,Ceredigion,3,8,14,27,35,45,68,91,109,116,129,142,164,190
E07000130,Charnwood,0,2,5,7,8,8,8,9,11,12,12,14,16,17
E07000070,Chelmsford,0,1,4,7,10,11,15,16,22,25,26,27,30,31
E07000078,Cheltenham,0,0,0,0,0,0,0,0,0,0,0,1,2,2
E07000177,Cherwell,1,6,12,19,23,27,31,34,40,44,44,45,49,51
E06000049,Cheshire East,4,14,26,48,62,75,101,115,135,147,162,183,216,255
E06000050,Cheshire West and Chester,1,6,18,28,38,42,52,62,72,80,97,107,135,166
E07000034,Chesterfield,0,0,0,0,0,0,0,1,3,4,5,6,7,7
E07000225,Chichester,2,8,15,28,33,39,54,63,72,83,89,95,108,126
E07000118,Chorley,1,4,6,8,11,15,18,22,25,26,29,31,31,35
S12000036,City of Edinburgh,0,0,1,4,4,5,6,7,7,8,11,14,22,31
S12000005,Clackmannanshire,1,1,2,2,2,2,3,3,4,5,5,6,9,9
E07000071,Colchester,0,0,1,1,1,2,5,6,7,8,10,11,13,16
W06000003,Conwy,1,3,4,9,9,10,18,22,41,46,50,61,69,87
E07000029,Copeland,2,6,10,12,12,14,16,17,17,17,18,18,20,23
E06000052,Cornwall,10,34,70,106,130,187,236,278,328,379,431,485,591,717
E07000079,Cotswold,2,10,15,21,24,24,28,29,37,44,54,59,68,87
E06000047,County Durham,3,16,28,36,39,51,60,64,70,76,81,87,102,107
E08000026,Coventry,0,0,1,1,1,1,1,1,1,1,2,2,2,3
E07000163,Craven,1,6,10,15,18,21,23,26,30,35,39,42,47,59
E07000226,Crawley,0,0,0,0,0,0,0,0,0,0,0,0,0,0
E09000008,Croydon,1,1,1,1,1,1,1,1,1,1,1,2,2,3
E07000096,Dacorum,2,4,5,7,9,16,17,20,24,25,27,29,34,37
E06000005,Darlington,0,0,1,3,3,3,4,5,7,7,10,10,10,10
E07000107,Dartford,0,0,0,0,0,0,0,0,0,0,0,0,0,0
W06000004,Denbighshire,0,4,11,15,19,24,31,41,54,60,65,73,84,101
E06000015,Derby,0,0,0,0,0,0,1,1,1,1,1,1,3,3
E07000035,Derbyshire Dales,2,7,20,26,28,34,48,54,63,65,69,79,86,99
E08000017,Doncaster,0,1,2,4,5,5,7,11,13,13,17,18,21,24
E06000059,Dorset,2,12,22,34,52,85,99,110,117,125,136,159,169,184
E07000108,Dover,0,0,1,3,3,4,5,5,6,6,6,6,9,10
E08000027,Dudley,0,0,0,1,1,1,1,1,1,1,1,1,1,1
S12000006,Dumfries and Galloway,3,8,20,26,41,49,64,66,80,88,99,110,117,128
S12000042,Dundee City,0,0,0,0,0,0,0,0,0,1,1,3,3,3
E09000009,Ealing,0,1,1,2,2,2,4,4,4,5,5,6,7,7
S12000008,East Ayrshire,0,2,4,5,9,9,11,11,14,14,15,15,16,19
E07000009,East Cambridgeshire,0,1,2,3,3,4,8,8,12,13,13,17,19,22
E07000040,East Devon,2,8,14,17,20,38,48,56,63,77,85,95,103,113
S12000045,East Dunbartonshire,1,2,4,6,6,6,9,9,9,9,13,14,15,17
E07000085,East Hampshire,4,8,16,19,22,32,39,45,50,51,55,61,66,74
E07000242,East Hertfordshire,1,5,7,11,13,19,22,24,25,27,30,33,43,55
E07000137,East Lindsey,36,88,127,165,167,175,183,192,203,206,216,223,235,245
S12000010,East Lothian,0,1,2,3,6,7,10,10,15,19,20,23,27,38
S12000011,East Renfrewshire,0,1,1,1,1,1,2,2,3,5,6,7,8,10
NA,East Riding of Yorkshire,2,5,16,23,30,45,63,85,101,117,135,160,190,218
E07000193,East Staffordshire,1,4,4,8,10,11,17,23,23,24,25,29,34,39
E07000244,East Suffolk,0,8,15,23,26,39,49,55,64,71,81,88,106,122
E07000061,Eastbourne,0,0,0,0,0,0,0,0,0,0,0,0,0,0
E07000086,Eastleigh,0,0,1,1,1,1,1,3,3,4,4,4,4,4
E07000030,Eden,2,4,11,25,31,38,47,54,64,71,87,100,116,139
E07000207,Elmbridge,0,0,1,2,2,2,3,3,5,6,7,9,11,16
E09000010,Enfield,0,0,0,0,0,0,0,0,0,0,0,0,0,2
E07000072,Epping Forest,1,1,5,5,6,6,8,9,12,13,13,15,19,22
E07000208,Epsom and Ewell,0,0,0,0,0,0,0,1,1,1,1,1,1,1
E07000036,Erewash,0,0,2,3,6,6,7,7,8,8,8,8,9,9
E07000041,Exeter,0,1,2,2,2,3,3,3,3,3,3,3,3,3
S12000014,Falkirk,0,0,2,2,2,2,5,6,7,9,9,11,15,18
E07000087,Fareham,0,0,1,2,2,2,3,5,5,5,5,6,6,7
E07000010,Fenland,1,1,2,3,3,3,5,5,5,5,6,6,6,8
S12000047,Fife,1,8,14,16,22,31,37,39,47,48,51,56,62,69
W06000005,Flintshire,0,1,2,5,9,9,14,19,22,25,27,36,40,47
E07000112,Folkestone and Hythe,1,2,3,4,4,6,10,11,11,12,13,15,16,20
E07000080,Forest of Dean,2,7,18,23,26,33,40,47,55,62,69,74,80,98
E07000119,Fylde,0,0,0,2,3,3,5,5,5,5,6,8,10,10
E08000037,Gateshead,0,1,2,3,3,4,4,4,5,5,5,5,5,6
E07000173,Gedling,0,1,2,3,5,5,6,6,8,10,12,14,15,16
S12000049,Glasgow City,0,1,1,1,2,2,2,2,2,2,2,3,3,3
E07000081,Gloucester,0,0,0,0,0,0,0,0,0,0,0,0,0,0
E07000088,Gosport,0,0,0,0,0,0,0,0,0,0,0,0,1,1
E07000109,Gravesham,0,0,4,5,5,6,7,8,8,11,11,11,11,11
E07000145,Great Yarmouth,0,1,1,2,2,4,5,8,8,8,9,9,9,11
E09000011,Greenwich,0,0,1,2,2,2,2,2,2,2,2,2,2,2
E07000209,Guildford,1,2,7,13,15,18,21,26,29,30,36,42,48,55
W06000002,Gwynedd,3,5,9,17,20,26,38,47,55,58,61,71,91,113
E09000012,Hackney,0,0,1,1,1,1,1,1,1,1,1,1,1,1
E06000006,Halton,0,0,0,0,0,1,1,1,2,2,2,2,2,2
E07000164,Hambleton,4,11,21,37,46,57,73,86,98,108,127,139,156,175
E09000013,Hammersmith and Fulham,0,0,0,0,0,0,0,0,0,0,0,0,0,0
E07000131,Harborough,0,2,5,11,13,20,29,35,39,45,50,52,57,69
E09000014,Haringey,0,0,0,0,0,0,1,2,2,2,2,2,2,3
E07000073,Harlow,0,0,0,0,0,0,1,1,1,1,1,1,1,1
E07000165,Harrogate,7,17,36,51,64,82,100,115,126,145,159,179,200,219
E09000015,Harrow,0,0,0,0,0,0,1,2,3,3,3,3,4,4
E07000089,Hart,0,1,5,6,7,7,9,10,10,11,14,14,17,19
E06000001,Hartlepool,0,0,0,1,1,1,1,1,2,2,2,3,4,4
E07000062,Hastings,0,1,1,1,1,1,1,2,2,2,2,2,2,2
E07000090,Havant,0,1,1,1,1,1,2,2,2,3,3,3,4,4
E09000016,Havering,0,1,2,2,2,2,2,2,2,2,2,2,2,2
NA,"Herefordshire, County of",0,3,20,36,42,55,68,76,85,96,109,126,157,184
E07000098,Hertsmere,0,0,0,1,1,1,2,3,3,4,4,4,5,6
E07000037,High Peak,0,1,3,6,8,9,9,10,11,12,16,17,17,26
S12000017,Highland,8,29,50,78,105,127,147,163,183,200,225,241,257,281
E09000017,Hillingdon,0,0,0,1,1,3,3,3,3,4,4,4,4,5
E07000132,Hinckley and Bosworth,0,2,4,6,8,10,16,19,19,19,22,23,29,32
E07000227,Horsham,0,4,7,15,22,27,30,34,39,43,51,57,59,68
E09000018,Hounslow,0,0,0,0,0,0,0,1,1,1,1,1,2,2
E07000011,Huntingdonshire,2,3,8,9,12,14,15,17,20,24,25,26,30,34
E07000120,Hyndburn,0,0,0,0,1,2,2,2,3,3,5,5,7,7
S12000018,Inverclyde,0,0,1,1,1,1,1,2,3,5,5,6,7,7
E07000202,Ipswich,0,0,0,1,1,2,2,2,2,2,2,2,2,2
W06000001,Isle of Anglesey,5,8,16,22,24,27,37,44,49,57,63,74,90,100
E06000046,Isle of Wight,0,2,3,3,3,3,3,5,5,6,6,9,9,12
E06000053,Isles of Scilly,0,1,1,1,1,1,1,1,1,1,1,1,2,2
E09000019,Islington,1,1,1,1,1,1,1,2,2,2,2,2,2,3
E09000020,Kensington and Chelsea,0,0,0,0,0,0,1,1,2,2,2,2,2,4
E07000146,King's Lynn and West Norfolk,1,7,9,11,19,22,25,28,35,37,41,41,44,47
NA,"Kingston upon Hull, City of",0,0,0,0,0,0,0,0,0,0,0,0,0,0
E09000021,Kingston upon Thames,0,1,2,2,2,2,2,2,2,3,3,3,4,4
E08000034,Kirklees,0,66,70,73,74,78,84,91,101,104,109,115,127,134
E08000011,Knowsley,0,0,0,0,0,1,1,1,1,1,1,1,1,1
E09000022,Lambeth,1,1,1,1,1,1,1,1,2,2,2,2,3,4
E07000121,Lancaster,1,3,6,8,10,13,18,20,21,23,25,26,32,35
E08000035,Leeds,2,5,9,11,11,11,14,17,19,21,26,31,34,39
E06000016,Leicester,0,0,0,1,1,1,1,1,1,1,1,1,1,1
E07000063,Lewes,2,5,7,10,10,12,13,17,20,21,22,28,30,34
E09000023,Lewisham,0,0,0,0,0,0,1,1,1,1,1,1,1,3
E07000194,Lichfield,0,0,1,4,6,7,12,13,14,16,17,18,20,21
E07000138,Lincoln,0,0,0,0,0,0,0,0,0,0,0,0,1,1
E08000012,Liverpool,0,0,2,2,2,2,2,2,3,3,3,3,3,3
E06000032,Luton,0,0,0,0,0,0,0,0,0,0,0,0,0,0
E07000110,Maidstone,1,1,2,5,5,5,7,9,11,14,15,16,20,23
E07000074,Maldon,0,0,1,4,6,6,7,8,10,12,13,14,16,18
E07000235,Malvern Hills,2,4,12,14,16,28,38,43,47,48,52,58,63,73
E08000003,Manchester,0,0,0,0,0,1,2,3,17,17,17,18,18,18
E07000174,Mansfield,0,0,0,0,0,1,1,1,1,1,1,2,2,3
E06000035,Medway,0,0,0,0,0,0,0,0,0,0,1,2,2,2
E07000133,Melton,2,3,6,7,9,12,13,17,18,20,23,29,31,34
E07000187,Mendip,1,8,14,37,38,43,54,57,64,68,72,77,82,86
W06000024,Merthyr Tydfil,0,0,1,1,1,2,2,2,2,2,2,3,5,5
E09000024,Merton,0,0,0,0,0,0,1,1,1,2,2,3,3,7
E07000042,Mid Devon,0,4,8,10,11,16,21,30,41,50,56,65,72,89
E07000203,Mid Suffolk,1,4,14,23,25,30,35,42,45,53,55,56,62,66
E07000228,Mid Sussex,2,5,8,12,15,16,18,18,22,24,26,32,37,42
E06000002,Middlesbrough,0,1,1,1,1,1,2,2,3,3,3,3,3,3
S12000019,Midlothian,0,0,0,0,0,1,1,3,4,5,5,5,7,8
NA,Milton Keynes,1,3,4,7,10,13,15,16,18,18,21,24,25,28
E07000210,Mole Valley,2,4,5,7,9,13,16,21,27,29,30,39,42,50
W06000021,Monmouthshire,6,10,20,25,36,40,49,57,63,67,74,89,103,119
S12000020,Moray,1,3,3,10,14,18,24,26,35,39,44,44,52,57
S12000013,Na h-Eileanan Siar,0,11,12,14,20,24,24,27,31,33,33,36,38,40
W06000012,Neath Port Talbot,0,1,2,2,3,3,5,9,12,12,12,12,17,19
E07000091,New Forest,1,4,8,13,17,18,21,23,26,27,33,37,42,52
E07000175,Newark and Sherwood,0,2,6,9,10,14,21,26,27,34,39,48,52,63
E08000021,Newcastle upon Tyne,0,2,2,2,3,3,3,3,3,3,4,7,8,11
E07000195,Newcastle-under-Lyme,0,2,3,18,20,22,24,24,28,29,32,34,38,43
E09000025,Newham,0,0,0,0,0,0,0,0,0,0,0,0,0,0
W06000022,Newport,1,1,2,2,3,5,8,8,8,9,9,11,12,16
S12000021,North Ayrshire,0,4,7,9,10,10,11,16,18,18,20,22,24,26
E07000043,North Devon,0,2,3,3,7,8,13,25,37,45,57,68,83,101
E07000038,North East Derbyshire,1,1,6,9,11,16,20,22,27,27,29,36,46,53
NA,North East Lincolnshire,0,0,1,1,2,2,2,3,4,5,5,5,6,6
E07000099,North Hertfordshire,1,3,3,6,7,10,12,12,16,16,18,20,25,26
E07000139,North Kesteven,1,3,5,14,17,18,22,27,31,34,38,44,47,50
S12000050,North Lanarkshire,2,2,2,4,7,7,8,8,10,10,11,11,11,13
NA,North Lincolnshire,1,2,3,6,7,10,11,12,18,19,19,26,28,35
E07000147,North Norfolk,2,11,16,23,29,36,47,62,73,75,83,88,93,102
NA,North Northamptonshire,0,2,5,6,9,12,15,15,21,21,21,22,28,40
NA,North Somerset,2,6,8,9,12,14,16,16,19,22,25,26,31,37
E08000022,North Tyneside,0,0,0,0,0,0,1,1,1,1,1,1,2,2
E07000218,North Warwickshire,0,1,2,3,4,5,5,7,8,9,11,13,16,17
E07000134,North West Leicestershire,0,1,4,5,5,7,9,10,11,12,17,20,22,22
E06000057,Northumberland,2,7,14,22,27,36,45,54,67,77,83,97,107,126
E07000148,Norwich,0,0,1,1,1,1,1,1,1,1,1,1,1,1
E06000018,Nottingham,0,0,0,0,0,0,0,0,0,0,0,0,0,0
E07000219,Nuneaton and Bedworth,0,0,0,0,0,0,0,0,2,2,2,2,2,2
E07000135,Oadby and Wigston,0,0,0,0,0,0,0,0,0,0,0,0,1,2
E08000004,Oldham,0,0,1,2,3,3,4,5,5,5,7,8,8,11
S12000023,Orkney Islands,1,12,17,25,28,31,32,36,39,44,51,55,60,62
E07000178,Oxford,1,2,2,2,2,2,2,3,3,4,4,4,4,6
W06000009,Pembrokeshire,1,7,12,19,30,34,42,56,62,69,77,93,110,139
E07000122,Pendle,0,0,1,4,6,8,8,8,9,10,10,13,15,16
S12000048,Perth and Kinross,3,14,30,43,48,61,80,88,106,119,138,149,173,186
E06000031,Peterborough,0,0,1,1,2,3,5,7,8,11,11,11,12,13
E06000026,Plymouth,0,0,0,0,0,0,1,1,1,1,2,2,2,2
E06000044,Portsmouth,0,0,0,0,0,0,0,0,1,1,1,1,1,1
W06000023,Powys,2,13,28,48,51,64,84,93,111,115,149,167,198,221
E07000123,Preston,0,1,1,2,4,4,4,8,10,13,14,15,21,23
E06000038,Reading,0,0,0,0,0,0,0,0,0,0,0,0,0,1
E09000026,Redbridge,0,0,0,0,0,0,0,0,0,0,0,0,0,0
NA,Redcar and Cleveland,1,1,2,5,8,8,8,10,10,11,11,12,13,15
E07000236,Redditch,0,0,0,0,0,1,3,4,5,5,5,5,5,6
E07000211,Reigate and Banstead,0,1,2,3,4,7,8,9,10,11,12,13,15,18
S12000038,Renfrewshire,1,3,3,4,5,6,6,6,6,6,6,6,8,9
W06000016,Rhondda Cynon Taf,1,2,2,2,2,2,6,6,10,12,12,13,14,15
E07000124,Ribble Valley,1,3,6,12,17,19,23,27,34,40,43,47,51,57
E09000027,Richmond upon Thames,0,0,0,1,2,2,2,2,2,2,2,3,4,6
E07000166,Richmondshire,3,11,18,22,25,29,36,42,45,48,53,60,66,75
E08000005,Rochdale,0,2,3,3,3,3,4,5,7,7,8,9,11,11
E07000075,Rochford,0,0,0,0,1,1,1,2,2,2,2,2,2,2
E07000125,Rossendale,0,1,2,5,5,5,7,7,7,7,8,9,13,15
E07000064,Rother,1,6,8,9,14,19,19,23,25,30,32,33,35,42
E08000018,Rotherham,0,1,1,1,1,1,2,3,4,4,6,6,7,11
E07000220,Rugby,1,4,8,12,16,19,33,33,35,38,41,44,46,50
E07000212,Runnymede,0,1,1,1,1,1,2,3,3,3,4,6,7,7
E07000176,Rushcliffe,2,3,5,9,12,14,18,24,35,40,46,50,62,67
E07000092,Rushmoor,0,0,0,0,0,0,0,0,0,0,0,0,0,0
E06000017,Rutland,0,0,2,4,4,4,8,11,13,13,15,16,20,24
E07000167,Ryedale,1,6,10,40,45,47,54,61,72,80,87,95,112,117
E08000006,Salford,0,1,1,1,1,1,1,1,1,1,1,1,1,2
E08000028,Sandwell,0,0,0,0,0,0,0,0,0,0,0,0,0,0
E07000168,Scarborough,1,5,12,15,17,21,30,31,37,39,44,50,58,60
S12000026,Scottish Borders,3,11,17,30,38,44,46,57,69,73,92,103,119,145
E07000188,Sedgemoor,1,5,10,14,15,19,24,26,28,32,36,39,43,52
E08000014,Sefton,0,0,0,0,1,1,1,1,1,1,1,1,1,4
E07000169,Selby,0,2,9,14,15,15,18,22,26,29,34,39,43,46
E07000111,Sevenoaks,0,1,4,6,7,9,13,16,18,19,22,25,30,39
E08000019,Sheffield,0,0,4,7,9,11,13,14,16,19,19,19,22,24
S12000027,Shetland Islands,4,12,18,24,29,30,31,32,34,35,35,37,38,42
E06000051,Shropshire,7,29,51,90,107,187,219,245,263,303,328,354,397,441
E06000039,Slough,0,0,0,0,0,0,0,0,0,0,0,0,0,0
E08000029,Solihull,0,0,0,1,1,2,2,2,2,2,3,4,5,8
E07000246,Somerset West and Taunton,1,6,10,16,18,20,31,32,41,47,53,64,76,87
S12000028,South Ayrshire,0,0,0,2,2,2,4,7,8,8,8,9,10,10
E07000012,South Cambridgeshire,3,6,8,12,16,23,33,40,45,47,55,59,63,70
E07000039,South Derbyshire,0,5,5,10,13,15,20,25,29,32,35,36,37,41
NA,South Gloucestershire,3,3,5,9,11,12,12,17,23,27,34,39,45,52
E07000044,South Hams,0,1,7,13,15,18,25,31,40,48,59,63,79,94
E07000140,South Holland,0,1,4,5,7,25,25,26,27,28,29,31,36,39
E07000141,South Kesteven,1,5,12,17,20,28,34,40,42,46,49,51,52,54
E07000031,South Lakeland,1,6,15,28,37,41,48,62,73,81,86,96,118,147
S12000029,South Lanarkshire,1,3,9,12,14,16,22,28,40,48,57,65,76,80
E07000149,South Norfolk,3,13,20,39,59,71,80,90,96,98,105,110,122,127
E07000179,South Oxfordshire,2,11,18,21,25,32,39,44,47,49,52,58,69,79
E07000126,South Ribble,0,1,2,5,5,6,7,8,9,9,9,9,10,10
E07000189,South Somerset,1,3,12,193,212,228,250,263,270,276,284,298,318,332
E07000196,South Staffordshire,1,2,4,6,8,12,14,17,25,27,28,30,32,37
E08000023,South Tyneside,0,0,4,4,4,4,4,4,4,4,4,4,4,4
E06000045,Southampton,0,0,0,0,0,0,1,1,1,1,1,1,1,2
E06000033,Southend-on-Sea,0,0,0,0,0,0,0,0,0,0,0,0,0,0
E09000028,Southwark,0,1,1,1,1,1,1,1,1,1,1,1,2,3
E07000213,Spelthorne,0,0,0,0,0,1,1,2,2,2,2,3,3,3
E07000240,St Albans,0,1,7,7,8,9,9,10,14,15,19,21,23,26
E08000013,St. Helens,0,0,1,1,1,1,1,1,1,1,1,1,1,2
E07000197,Stafford,1,6,13,18,22,33,35,41,46,50,54,58,63,72
E07000198,Staffordshire Moorlands,1,4,10,14,21,24,30,33,36,42,46,53,60,71
E07000243,Stevenage,0,0,0,0,0,0,0,0,1,1,1,1,1,1
S12000030,Stirling,3,11,21,31,41,43,51,55,60,63,73,79,94,105
E08000007,Stockport,0,2,2,2,2,3,5,5,5,6,8,9,9,11
E06000004,Stockton-on-Tees,0,0,2,2,4,4,7,7,8,10,10,10,10,14
E06000021,Stoke-on-Trent,0,0,0,0,0,0,0,0,0,0,0,1,1,3
E07000221,Stratford-on-Avon,2,25,55,71,77,84,90,101,108,113,121,130,145,158
E07000082,Stroud,2,6,11,13,19,21,24,28,32,34,40,45,51,60
E08000024,Sunderland,1,1,2,2,2,3,3,3,3,3,3,3,3,3
E07000214,Surrey Heath,0,1,1,2,2,2,2,2,4,4,5,5,5,6
E09000029,Sutton,1,2,2,2,2,2,2,2,2,2,2,2,3,3
E07000113,Swale,1,2,5,5,11,12,15,16,16,20,22,23,23,25
W06000011,Swansea,0,2,6,9,18,21,24,27,31,33,37,44,48,56
E06000030,Swindon,0,1,1,1,1,2,3,3,3,4,4,6,7,9
E08000008,Tameside,0,0,0,0,0,0,1,1,2,3,3,3,4,5
E07000199,Tamworth,0,0,0,0,0,0,0,0,0,0,0,0,0,0
E07000215,Tandridge,0,0,3,5,8,9,10,12,14,15,18,20,23,28
E07000045,Teignbridge,1,1,6,15,20,23,25,29,36,42,51,58,69,80
NA,Telford and Wrekin,1,2,4,4,4,7,10,11,13,16,18,20,21,27
E07000076,Tendring,0,2,2,3,6,6,9,11,13,16,17,17,18,19
E07000093,Test Valley,2,3,8,15,18,21,24,26,31,32,36,40,44,53
E07000083,Tewkesbury,2,4,6,8,9,12,14,15,15,18,22,26,28,44
E07000114,Thanet,0,1,1,1,1,1,1,1,1,1,1,1,2,3
E07000102,Three Rivers,0,0,1,2,2,2,2,4,4,5,5,7,8,9
E06000034,Thurrock,0,1,1,2,2,2,2,2,2,3,3,3,3,3
E07000115,Tonbridge and Malling,1,4,4,4,4,5,6,9,10,10,12,15,23,31
E06000027,Torbay,0,0,1,1,1,1,1,1,1,1,1,1,1,1
W06000020,Torfaen,1,1,1,1,1,1,1,1,1,1,1,1,1,1
E07000046,Torridge,1,1,4,7,16,19,24,30,33,37,47,53,64,75
E09000030,Tower Hamlets,0,0,0,0,0,0,0,0,0,0,0,0,0,0
E08000009,Trafford,0,0,1,2,2,2,3,4,4,4,6,7,7,8
E07000116,Tunbridge Wells,1,1,1,3,3,4,7,10,12,13,17,18,21,27
E07000077,Uttlesford,0,4,7,8,16,21,25,27,30,31,33,38,44,49
W06000014,Vale of Glamorgan,1,1,2,2,3,9,14,16,17,18,18,20,25,29
E07000180,Vale of White Horse,4,13,17,18,21,27,31,33,35,43,48,49,51,53
E08000036,Wakefield,1,2,7,8,8,9,10,13,14,19,19,20,21,26
E08000030,Walsall,0,0,0,0,0,1,2,2,2,2,2,2,2,2
E09000031,Waltham Forest,0,0,0,0,0,0,0,0,0,0,0,0,0,0
E09000032,Wandsworth,0,0,0,0,0,0,2,3,3,3,3,3,4,7
E06000007,Warrington,0,2,5,7,8,8,9,9,12,13,13,14,14,20
E07000222,Warwick,1,4,6,11,15,18,24,26,33,37,40,43,63,70
E07000103,Watford,0,0,0,0,0,0,0,0,0,0,0,0,0,0
E07000216,Waverley,3,8,15,19,24,28,31,39,44,48,52,58,65,77
E07000065,Wealden,2,8,15,24,27,32,41,50,58,63,65,75,91,103
E07000241,Welwyn Hatfield,0,0,0,0,1,2,3,3,4,4,4,4,5,5
NA,West Berkshire,2,10,12,16,21,23,30,34,35,37,42,46,51,62
E07000047,West Devon,1,2,7,13,17,22,29,38,47,54,63,66,72,78
S12000039,West Dunbartonshire,0,0,0,0,0,0,0,1,1,1,1,1,2,4
E07000127,West Lancashire,0,1,3,4,4,4,8,9,10,12,13,14,16,18
E07000142,West Lindsey,0,5,7,10,12,16,18,19,23,27,33,33,35,38
S12000040,West Lothian,3,4,8,13,17,17,19,21,23,24,26,29,36,37
NA,West Northamptonshire,1,8,17,20,30,39,52,61,72,76,84,90,98,113
E07000181,West Oxfordshire,5,34,55,59,63,69,76,79,80,81,81,84,88,94
E07000245,West Suffolk,3,7,7,9,10,14,18,20,23,23,26,31,33,35
E09000033,Westminster,0,0,0,0,0,0,0,0,0,1,1,1,1,1
E08000010,Wigan,0,0,0,2,3,6,7,8,9,9,9,11,11,12
E06000054,Wiltshire,7,19,41,53,64,80,105,115,128,138,160,189,212,247
E07000094,Winchester,1,2,11,12,19,25,30,33,34,36,38,42,48,55
NA,Windsor and Maidenhead,0,0,2,2,3,4,4,8,8,8,11,13,14,18
E08000015,Wirral,0,0,3,3,3,4,4,4,4,4,5,5,7,12
E07000217,Woking,0,0,1,2,2,4,4,6,7,7,7,8,9,12
E06000041,Wokingham,1,1,3,4,4,5,8,10,13,14,16,16,18,20
E08000031,Wolverhampton,0,0,0,0,0,0,0,0,0,1,1,1,1,1
E07000237,Worcester,0,0,0,0,0,0,0,0,0,0,0,0,0,0
E07000229,Worthing,0,0,0,0,0,0,0,0,0,0,0,0,0,0
W06000006,Wrexham,0,4,6,11,11,11,12,14,19,22,26,29,35,38
E07000238,Wychavon,1,5,9,12,19,25,32,35,45,47,55,58,64,74
E07000128,Wyre,0,1,2,7,7,8,10,12,12,12,13,15,15,17
E07000239,Wyre Forest,0,0,3,6,7,7,9,10,12,13,14,15,19,22
E06000014,York,1,2,5,8,10,13,16,16,19,21,24,28,32,34
